/* ERT */

INSERT INTO races (id, parent_race, name, attributes_physical, attributes_mental, attributes_spiritual, balance_law, balance_magic, balance_chaos, life_multiplier) VALUES ( 1, 'Melion',  'Alsano',    11, 10, 11, 1, 2, 1,  8);
INSERT INTO races (id, parent_race, name, attributes_physical, attributes_mental, attributes_spiritual, balance_law, balance_magic, balance_chaos, life_multiplier) VALUES ( 2, 'Melion',  'Kenion',    11, 11, 11, 1, 3, 1,  8);
INSERT INTO races (id, parent_race, name, attributes_physical, attributes_mental, attributes_spiritual, balance_law, balance_magic, balance_chaos, life_multiplier) VALUES ( 3, 'Melion',  'Mirr',      12,  9,  9, 1, 2, 1, 10);
INSERT INTO races (id, parent_race, name, attributes_physical, attributes_mental, attributes_spiritual, balance_law, balance_magic, balance_chaos, life_multiplier) VALUES ( 4, 'Melion',  'Taerita',   11,  8, 11, 1, 2, 1,  8);
INSERT INTO races (id, parent_race, name, attributes_physical, attributes_mental, attributes_spiritual, balance_law, balance_magic, balance_chaos, life_multiplier) VALUES ( 5, 'Melion',  'Moellan',   11,  9, 10, 1, 2, 1,  8);
INSERT INTO races (id, parent_race, name, attributes_physical, attributes_mental, attributes_spiritual, balance_law, balance_magic, balance_chaos, life_multiplier) VALUES ( 6, 'Melion',  'Samnio',     8,  9, 12, 1, 3, 1,  8);
INSERT INTO races (id, parent_race, name, attributes_physical, attributes_mental, attributes_spiritual, balance_law, balance_magic, balance_chaos, life_multiplier) VALUES ( 7, 'Dweloin', 'Pearoin',   14, 10,  8, 1, 1, 2, 10);
INSERT INTO races (id, parent_race, name, attributes_physical, attributes_mental, attributes_spiritual, balance_law, balance_magic, balance_chaos, life_multiplier) VALUES ( 8, 'Selion',  'Nethan',    13,  8, 10, 1, 2, 1,  9);
INSERT INTO races (id, parent_race, name, attributes_physical, attributes_mental, attributes_spiritual, balance_law, balance_magic, balance_chaos, life_multiplier) VALUES ( 9, 'Ywen',    'Celestial',  9, 12, 10, 2, 2, 1,  8);
INSERT INTO races (id, parent_race, name, attributes_physical, attributes_mental, attributes_spiritual, balance_law, balance_magic, balance_chaos, life_multiplier) VALUES (10, 'Ywen',    'Amanecer',  12, 11,  8, 2, 2, 1,  7);

INSERT INTO racial_gifts (id, race_id, name) VALUES ( 1,  1, 'Bueno para Todo');
INSERT INTO racial_gifts (id, race_id, name) VALUES ( 2,  1, 'Experto Artesano');
INSERT INTO racial_gifts (id, race_id, name) VALUES ( 3,  2, 'Preparación Militar');
INSERT INTO racial_gifts (id, race_id, name) VALUES ( 4,  2, 'Conocimientos en Historia Antigua');
INSERT INTO racial_gifts (id, race_id, name) VALUES ( 5,  2, 'Magia Global');
INSERT INTO racial_gifts (id, race_id, name) VALUES ( 6,  3, 'Resistencia a las Enfermedades');
INSERT INTO racial_gifts (id, race_id, name) VALUES ( 7,  3, 'Comprensión de la Naturaleza');
INSERT INTO racial_gifts (id, race_id, name) VALUES ( 8,  3, 'Empatía Animal');
INSERT INTO racial_gifts (id, race_id, name) VALUES ( 9,  4, 'Manto de Sombras');
INSERT INTO racial_gifts (id, race_id, name) VALUES (10,  4, 'Dotado para los Dones del Caos');
INSERT INTO racial_gifts (id, race_id, name) VALUES (11,  4, 'Inmune a los Venenos Naturales');
INSERT INTO racial_gifts (id, race_id, name) VALUES (12,  4, 'Conocimiento en Venenos');
INSERT INTO racial_gifts (id, race_id, name) VALUES (13,  4, 'Equipo Inicial: Daga Kr');
INSERT INTO racial_gifts (id, race_id, name) VALUES (14,  4, 'Equipo Inicial: Dos Venenos a elegir');
INSERT INTO racial_gifts (id, race_id, name) VALUES (15,  5, 'Equipo Inicial: Caballo Moellan');
INSERT INTO racial_gifts (id, race_id, name) VALUES (16,  5, 'Empatía con los Caballos');
INSERT INTO racial_gifts (id, race_id, name) VALUES (17,  5, 'Vista Aguda');
INSERT INTO racial_gifts (id, race_id, name) VALUES (18,  5, 'Experto Rastreador');
INSERT INTO racial_gifts (id, race_id, name) VALUES (19,  6, 'Ojos de Estrellas');
INSERT INTO racial_gifts (id, race_id, name) VALUES (20,  6, 'Aptitud Natural para la Magia');
INSERT INTO racial_gifts (id, race_id, name) VALUES (21,  7, 'Piel Resistente');
INSERT INTO racial_gifts (id, race_id, name) VALUES (22,  7, 'Doble Corazón');
INSERT INTO racial_gifts (id, race_id, name) VALUES (23,  7, 'Sangre de Metal');
INSERT INTO racial_gifts (id, race_id, name) VALUES (24,  8, 'Ojos de Gato');
INSERT INTO racial_gifts (id, race_id, name) VALUES (25,  8, 'Sentidos Agudizados');
INSERT INTO racial_gifts (id, race_id, name) VALUES (26,  8, 'Afinidad con los Felinos');
INSERT INTO racial_gifts (id, race_id, name) VALUES (27,  8, 'Garras');
INSERT INTO racial_gifts (id, race_id, name) VALUES (28,  9, 'Acostumbrado a las Alturas');
INSERT INTO racial_gifts (id, race_id, name) VALUES (29,  9, 'Levitación');
INSERT INTO racial_gifts (id, race_id, name) VALUES (30,  9, 'Dones del Viento');
INSERT INTO racial_gifts (id, race_id, name) VALUES (31, 10, 'Fuerza del Amanecer');
INSERT INTO racial_gifts (id, race_id, name) VALUES (32, 10, 'Maestría en Trato con Otras Razas');

INSERT INTO kits (id, name, balance_law, balance_magic, balance_chaos, life, aspects) VALUES ( 1, 'Aruj',                            0, 1, 1, 4, 'Uno cualquiera');
INSERT INTO kits (id, name, balance_law, balance_magic, balance_chaos, life, aspects) VALUES ( 2, 'Bandido',                         0, 1, 0, 4, 'Uno cualquiera');
INSERT INTO kits (id, name, balance_law, balance_magic, balance_chaos, life, aspects) VALUES ( 3, 'Brujo',                           0, 3, 0, 5, 'Agua, Aire, Fuego y Tierra');
INSERT INTO kits (id, name, balance_law, balance_magic, balance_chaos, life, aspects) VALUES ( 4, 'Caballero de la Cruz Alada',      0, 2, 0, 6, 'Aire y Luz');
INSERT INTO kits (id, name, balance_law, balance_magic, balance_chaos, life, aspects) VALUES ( 5, 'Caballero de la Llama Eterna',    0, 2, 0, 6, 'Fuego');
INSERT INTO kits (id, name, balance_law, balance_magic, balance_chaos, life, aspects) VALUES ( 6, 'Caballero de la Orden de Litner', 0, 2, 0, 6, 'Muerte');
INSERT INTO kits (id, name, balance_law, balance_magic, balance_chaos, life, aspects) VALUES ( 7, 'Euragan',                         0, 2, 0, 4, 'Energía y Tiempo');
INSERT INTO kits (id, name, balance_law, balance_magic, balance_chaos, life, aspects) VALUES ( 8, 'Mago Imperial',                   0, 3, 0, 3, 'Todos');
INSERT INTO kits (id, name, balance_law, balance_magic, balance_chaos, life, aspects) VALUES ( 9, 'Sadiurd',                         0, 2, 0, 4, 'Bestias y Naturaleza');
INSERT INTO kits (id, name, balance_law, balance_magic, balance_chaos, life, aspects) VALUES (10, 'Soldado',                         0, 0, 0, 7, 'Uno cualquiera');
INSERT INTO kits (id, name, balance_law, balance_magic, balance_chaos, life, aspects) VALUES (11, 'Trovador',                        0, 1, 0, 4, 'Uno cualquiera');

INSERT INTO skills (id, name, nombre) VALUES ( 1, 'Craft',           'Artesanía');
INSERT INTO skills (id, name, nombre) VALUES ( 2, 'Alert',           'Alerta');
INSERT INTO skills (id, name, nombre) VALUES ( 3, 'Melee Weapons',   'Armas Cuerpo a Cuerpo');
INSERT INTO skills (id, name, nombre) VALUES ( 4, 'Ranged Weapons',  'Armas a Distancia');
INSERT INTO skills (id, name, nombre) VALUES ( 5, 'Astrology',       'Astrología');
INSERT INTO skills (id, name, nombre) VALUES ( 6, 'Athletics',       'Atletismo');
INSERT INTO skills (id, name, nombre) VALUES ( 7, 'Bestiary',        'Bestiario');
INSERT INTO skills (id, name, nombre) VALUES ( 8, 'Commerce',        'Comercio');
INSERT INTO skills (id, name, nombre) VALUES ( 9, 'Religion',        'Religión');
INSERT INTO skills (id, name, nombre) VALUES (10, 'Poisons',         'Venenos');
INSERT INTO skills (id, name, nombre) VALUES (11, 'Healing',         'Curación');
INSERT INTO skills (id, name, nombre) VALUES (12, 'Dodge',           'Esquivar');
INSERT INTO skills (id, name, nombre) VALUES (13, 'Etiquette',       'Etiqueta');
INSERT INTO skills (id, name, nombre) VALUES (14, 'Forging',         'Forja');
INSERT INTO skills (id, name, nombre) VALUES (15, 'Foraging',        'Forrajeo');
INSERT INTO skills (id, name, nombre) VALUES (16, 'Arts',            'Artes');
INSERT INTO skills (id, name, nombre) VALUES (17, 'History',         'Historia');
INSERT INTO skills (id, name, nombre) VALUES (18, 'Initiative',      'Iniciativa');
INSERT INTO skills (id, name, nombre) VALUES (19, 'Investigate',     'Investigación');
INSERT INTO skills (id, name, nombre) VALUES (20, 'Languages',       'Lenguas');
INSERT INTO skills (id, name, nombre) VALUES (21, 'Juggle',          'Malabares');
INSERT INTO skills (id, name, nombre) VALUES (22, 'Mount',           'Montar');
INSERT INTO skills (id, name, nombre) VALUES (23, 'Swim',            'Nadar');
INSERT INTO skills (id, name, nombre) VALUES (24, 'Watch',           'Observar');
INSERT INTO skills (id, name, nombre) VALUES (25, 'Oratory',         'Oratoria');
INSERT INTO skills (id, name, nombre) VALUES (26, 'Fight',           'Pelea');
INSERT INTO skills (id, name, nombre) VALUES (27, 'Politics',        'Política');
INSERT INTO skills (id, name, nombre) VALUES (28, 'Track',           'Rastreo');
INSERT INTO skills (id, name, nombre) VALUES (29, 'Haggling',        'Regateo');
INSERT INTO skills (id, name, nombre) VALUES (30, 'Steal',           'Robo');
INSERT INTO skills (id, name, nombre) VALUES (31, 'Stealth',         'Sigilo');
INSERT INTO skills (id, name, nombre) VALUES (32, 'Traps',           'Trampas');
INSERT INTO skills (id, name, nombre) VALUES (33, 'Use Gifts',       'Usar Dones');
INSERT INTO skills (id, name, nombre) VALUES (34, 'Use Magic Items', 'Usar Objetos Mágicos');
INSERT INTO skills (id, name, nombre) VALUES (35, 'Use Powers',      'Usar Poderes');

INSERT INTO kits_skills (id, kit_id, skill_id, training_level) VALUES (  1,  1,  1, 'E');
INSERT INTO kits_skills (id, kit_id, skill_id, training_level) VALUES (  2,  1,  2, 'N');
INSERT INTO kits_skills (id, kit_id, skill_id, training_level) VALUES (  3,  1,  3, 'N');
INSERT INTO kits_skills (id, kit_id, skill_id, training_level) VALUES (  4,  1,  4, 'N');
INSERT INTO kits_skills (id, kit_id, skill_id, training_level) VALUES (  5,  1,  5, 'T');
INSERT INTO kits_skills (id, kit_id, skill_id, training_level) VALUES (  6,  1,  6, 'N');
INSERT INTO kits_skills (id, kit_id, skill_id, training_level) VALUES (  7,  1,  7, 'T');
INSERT INTO kits_skills (id, kit_id, skill_id, training_level) VALUES (  8,  1,  8, 'E');
INSERT INTO kits_skills (id, kit_id, skill_id, training_level) VALUES (  9,  1,  9, 'N');
INSERT INTO kits_skills (id, kit_id, skill_id, training_level) VALUES ( 10,  1, 10, 'N');
INSERT INTO kits_skills (id, kit_id, skill_id, training_level) VALUES ( 11,  1, 11, 'N');
INSERT INTO kits_skills (id, kit_id, skill_id, training_level) VALUES ( 12,  1, 12, 'N');
INSERT INTO kits_skills (id, kit_id, skill_id, training_level) VALUES ( 13,  1, 13, 'T');
INSERT INTO kits_skills (id, kit_id, skill_id, training_level) VALUES ( 14,  1, 14, 'T');
INSERT INTO kits_skills (id, kit_id, skill_id, training_level) VALUES ( 15,  1, 15, 'N');
INSERT INTO kits_skills (id, kit_id, skill_id, training_level) VALUES ( 16,  1, 16, 'N');
INSERT INTO kits_skills (id, kit_id, skill_id, training_level) VALUES ( 17,  1, 17, 'T');
INSERT INTO kits_skills (id, kit_id, skill_id, training_level) VALUES ( 18,  1, 18, 'N');
INSERT INTO kits_skills (id, kit_id, skill_id, training_level) VALUES ( 19,  1, 19, 'N');
INSERT INTO kits_skills (id, kit_id, skill_id, training_level) VALUES ( 20,  1, 20, 'N');
INSERT INTO kits_skills (id, kit_id, skill_id, training_level) VALUES ( 21,  1, 21, 'N');
INSERT INTO kits_skills (id, kit_id, skill_id, training_level) VALUES ( 22,  1, 22, 'N');
INSERT INTO kits_skills (id, kit_id, skill_id, training_level) VALUES ( 23,  1, 23, 'N');
INSERT INTO kits_skills (id, kit_id, skill_id, training_level) VALUES ( 24,  1, 24, 'T');
INSERT INTO kits_skills (id, kit_id, skill_id, training_level) VALUES ( 25,  1, 25, 'T');
INSERT INTO kits_skills (id, kit_id, skill_id, training_level) VALUES ( 26,  1, 26, 'N');
INSERT INTO kits_skills (id, kit_id, skill_id, training_level) VALUES ( 27,  1, 27, 'T');
INSERT INTO kits_skills (id, kit_id, skill_id, training_level) VALUES ( 28,  1, 28, 'N');
INSERT INTO kits_skills (id, kit_id, skill_id, training_level) VALUES ( 29,  1, 29, 'T');
INSERT INTO kits_skills (id, kit_id, skill_id, training_level) VALUES ( 30,  1, 30, 'N');
INSERT INTO kits_skills (id, kit_id, skill_id, training_level) VALUES ( 31,  1, 31, 'N');
INSERT INTO kits_skills (id, kit_id, skill_id, training_level) VALUES ( 32,  1, 32, 'N');
INSERT INTO kits_skills (id, kit_id, skill_id, training_level) VALUES ( 33,  1, 33, 'N');
INSERT INTO kits_skills (id, kit_id, skill_id, training_level) VALUES ( 34,  1, 34, 'T');
INSERT INTO kits_skills (id, kit_id, skill_id, training_level) VALUES ( 35,  1, 35, 'N');
INSERT INTO kits_skills (id, kit_id, skill_id, training_level) VALUES ( 36,  2,  1, 'N');
INSERT INTO kits_skills (id, kit_id, skill_id, training_level) VALUES ( 37,  2,  2, 'T');
INSERT INTO kits_skills (id, kit_id, skill_id, training_level) VALUES ( 38,  2,  3, 'T');
INSERT INTO kits_skills (id, kit_id, skill_id, training_level) VALUES ( 39,  2,  4, 'T');
INSERT INTO kits_skills (id, kit_id, skill_id, training_level) VALUES ( 40,  2,  5, 'N');
INSERT INTO kits_skills (id, kit_id, skill_id, training_level) VALUES ( 41,  2,  6, 'N');
INSERT INTO kits_skills (id, kit_id, skill_id, training_level) VALUES ( 42,  2,  7, 'N');
INSERT INTO kits_skills (id, kit_id, skill_id, training_level) VALUES ( 43,  2,  8, 'N');
INSERT INTO kits_skills (id, kit_id, skill_id, training_level) VALUES ( 44,  2,  9, 'N');
INSERT INTO kits_skills (id, kit_id, skill_id, training_level) VALUES ( 45,  2, 10, 'N');
INSERT INTO kits_skills (id, kit_id, skill_id, training_level) VALUES ( 46,  2, 11, 'N');
INSERT INTO kits_skills (id, kit_id, skill_id, training_level) VALUES ( 47,  2, 12, 'T');
INSERT INTO kits_skills (id, kit_id, skill_id, training_level) VALUES ( 48,  2, 13, 'N');
INSERT INTO kits_skills (id, kit_id, skill_id, training_level) VALUES ( 49,  2, 14, 'N');
INSERT INTO kits_skills (id, kit_id, skill_id, training_level) VALUES ( 50,  2, 15, 'N');
INSERT INTO kits_skills (id, kit_id, skill_id, training_level) VALUES ( 51,  2, 16, 'N');
INSERT INTO kits_skills (id, kit_id, skill_id, training_level) VALUES ( 52,  2, 17, 'N');
INSERT INTO kits_skills (id, kit_id, skill_id, training_level) VALUES ( 53,  2, 18, 'T');
INSERT INTO kits_skills (id, kit_id, skill_id, training_level) VALUES ( 54,  2, 19, 'T');
INSERT INTO kits_skills (id, kit_id, skill_id, training_level) VALUES ( 55,  2, 20, 'N');
INSERT INTO kits_skills (id, kit_id, skill_id, training_level) VALUES ( 56,  2, 21, 'N');
INSERT INTO kits_skills (id, kit_id, skill_id, training_level) VALUES ( 57,  2, 22, 'N');
INSERT INTO kits_skills (id, kit_id, skill_id, training_level) VALUES ( 58,  2, 23, 'N');
INSERT INTO kits_skills (id, kit_id, skill_id, training_level) VALUES ( 59,  2, 24, 'T');
INSERT INTO kits_skills (id, kit_id, skill_id, training_level) VALUES ( 60,  2, 25, 'N');
INSERT INTO kits_skills (id, kit_id, skill_id, training_level) VALUES ( 61,  2, 26, 'N');
INSERT INTO kits_skills (id, kit_id, skill_id, training_level) VALUES ( 62,  2, 27, 'N');
INSERT INTO kits_skills (id, kit_id, skill_id, training_level) VALUES ( 63,  2, 28, 'T');
INSERT INTO kits_skills (id, kit_id, skill_id, training_level) VALUES ( 64,  2, 29, 'T');
INSERT INTO kits_skills (id, kit_id, skill_id, training_level) VALUES ( 65,  2, 30, 'E');
INSERT INTO kits_skills (id, kit_id, skill_id, training_level) VALUES ( 66,  2, 31, 'E');
INSERT INTO kits_skills (id, kit_id, skill_id, training_level) VALUES ( 67,  2, 32, 'T');
INSERT INTO kits_skills (id, kit_id, skill_id, training_level) VALUES ( 68,  2, 33, 'N');
INSERT INTO kits_skills (id, kit_id, skill_id, training_level) VALUES ( 69,  2, 34, 'N');
INSERT INTO kits_skills (id, kit_id, skill_id, training_level) VALUES ( 70,  2, 35, 'N');
INSERT INTO kits_skills (id, kit_id, skill_id, training_level) VALUES ( 71,  3,  1, 'N');
INSERT INTO kits_skills (id, kit_id, skill_id, training_level) VALUES ( 72,  3,  2, 'T');
INSERT INTO kits_skills (id, kit_id, skill_id, training_level) VALUES ( 73,  3,  3, 'T');
INSERT INTO kits_skills (id, kit_id, skill_id, training_level) VALUES ( 74,  3,  4, 'T');
INSERT INTO kits_skills (id, kit_id, skill_id, training_level) VALUES ( 75,  3,  5, 'T');
INSERT INTO kits_skills (id, kit_id, skill_id, training_level) VALUES ( 76,  3,  6, 'N');
INSERT INTO kits_skills (id, kit_id, skill_id, training_level) VALUES ( 77,  3,  7, 'N');
INSERT INTO kits_skills (id, kit_id, skill_id, training_level) VALUES ( 78,  3,  8, 'N');
INSERT INTO kits_skills (id, kit_id, skill_id, training_level) VALUES ( 79,  3,  9, 'N');
INSERT INTO kits_skills (id, kit_id, skill_id, training_level) VALUES ( 80,  3, 10, 'N');
INSERT INTO kits_skills (id, kit_id, skill_id, training_level) VALUES ( 81,  3, 11, 'N');
INSERT INTO kits_skills (id, kit_id, skill_id, training_level) VALUES ( 82,  3, 12, 'N');
INSERT INTO kits_skills (id, kit_id, skill_id, training_level) VALUES ( 83,  3, 13, 'N');
INSERT INTO kits_skills (id, kit_id, skill_id, training_level) VALUES ( 84,  3, 14, 'N');
INSERT INTO kits_skills (id, kit_id, skill_id, training_level) VALUES ( 85,  3, 15, 'N');
INSERT INTO kits_skills (id, kit_id, skill_id, training_level) VALUES ( 86,  3, 16, 'N');
INSERT INTO kits_skills (id, kit_id, skill_id, training_level) VALUES ( 87,  3, 17, 'T');
INSERT INTO kits_skills (id, kit_id, skill_id, training_level) VALUES ( 88,  3, 18, 'T');
INSERT INTO kits_skills (id, kit_id, skill_id, training_level) VALUES ( 89,  3, 19, 'T');
INSERT INTO kits_skills (id, kit_id, skill_id, training_level) VALUES ( 90,  3, 20, 'N');
INSERT INTO kits_skills (id, kit_id, skill_id, training_level) VALUES ( 91,  3, 21, 'N');
INSERT INTO kits_skills (id, kit_id, skill_id, training_level) VALUES ( 92,  3, 22, 'N');
INSERT INTO kits_skills (id, kit_id, skill_id, training_level) VALUES ( 93,  3, 23, 'N');
INSERT INTO kits_skills (id, kit_id, skill_id, training_level) VALUES ( 94,  3, 24, 'T');
INSERT INTO kits_skills (id, kit_id, skill_id, training_level) VALUES ( 95,  3, 25, 'N');
INSERT INTO kits_skills (id, kit_id, skill_id, training_level) VALUES ( 96,  3, 26, 'N');
INSERT INTO kits_skills (id, kit_id, skill_id, training_level) VALUES ( 97,  3, 27, 'N');
INSERT INTO kits_skills (id, kit_id, skill_id, training_level) VALUES ( 98,  3, 28, 'T');
INSERT INTO kits_skills (id, kit_id, skill_id, training_level) VALUES ( 99,  3, 29, 'N');
INSERT INTO kits_skills (id, kit_id, skill_id, training_level) VALUES (100,  3, 30, 'N');
INSERT INTO kits_skills (id, kit_id, skill_id, training_level) VALUES (101,  3, 31, 'N');
INSERT INTO kits_skills (id, kit_id, skill_id, training_level) VALUES (102,  3, 32, 'N');
INSERT INTO kits_skills (id, kit_id, skill_id, training_level) VALUES (103,  3, 33, 'E');
INSERT INTO kits_skills (id, kit_id, skill_id, training_level) VALUES (104,  3, 34, 'T');
INSERT INTO kits_skills (id, kit_id, skill_id, training_level) VALUES (105,  3, 35, 'E');
INSERT INTO kits_skills (id, kit_id, skill_id, training_level) VALUES (106,  4,  1, 'N');
INSERT INTO kits_skills (id, kit_id, skill_id, training_level) VALUES (107,  4,  2, 'T');
INSERT INTO kits_skills (id, kit_id, skill_id, training_level) VALUES (108,  4,  3, 'T');
INSERT INTO kits_skills (id, kit_id, skill_id, training_level) VALUES (109,  4,  4, 'E');
INSERT INTO kits_skills (id, kit_id, skill_id, training_level) VALUES (110,  4,  5, 'T');
INSERT INTO kits_skills (id, kit_id, skill_id, training_level) VALUES (111,  4,  6, 'T');
INSERT INTO kits_skills (id, kit_id, skill_id, training_level) VALUES (112,  4,  7, 'N');
INSERT INTO kits_skills (id, kit_id, skill_id, training_level) VALUES (113,  4,  8, 'N');
INSERT INTO kits_skills (id, kit_id, skill_id, training_level) VALUES (114,  4,  9, 'N');
INSERT INTO kits_skills (id, kit_id, skill_id, training_level) VALUES (115,  4, 10, 'N');
INSERT INTO kits_skills (id, kit_id, skill_id, training_level) VALUES (116,  4, 11, 'N');
INSERT INTO kits_skills (id, kit_id, skill_id, training_level) VALUES (117,  4, 12, 'T');
INSERT INTO kits_skills (id, kit_id, skill_id, training_level) VALUES (118,  4, 13, 'T');
INSERT INTO kits_skills (id, kit_id, skill_id, training_level) VALUES (119,  4, 14, 'N');
INSERT INTO kits_skills (id, kit_id, skill_id, training_level) VALUES (120,  4, 15, 'N');
INSERT INTO kits_skills (id, kit_id, skill_id, training_level) VALUES (121,  4, 16, 'N');
INSERT INTO kits_skills (id, kit_id, skill_id, training_level) VALUES (122,  4, 17, 'T');
INSERT INTO kits_skills (id, kit_id, skill_id, training_level) VALUES (123,  4, 18, 'T');
INSERT INTO kits_skills (id, kit_id, skill_id, training_level) VALUES (124,  4, 19, 'N');
INSERT INTO kits_skills (id, kit_id, skill_id, training_level) VALUES (125,  4, 20, 'N');
INSERT INTO kits_skills (id, kit_id, skill_id, training_level) VALUES (126,  4, 21, 'N');
INSERT INTO kits_skills (id, kit_id, skill_id, training_level) VALUES (127,  4, 22, 'N');
INSERT INTO kits_skills (id, kit_id, skill_id, training_level) VALUES (128,  4, 23, 'N');
INSERT INTO kits_skills (id, kit_id, skill_id, training_level) VALUES (129,  4, 24, 'N');
INSERT INTO kits_skills (id, kit_id, skill_id, training_level) VALUES (130,  4, 25, 'N');
INSERT INTO kits_skills (id, kit_id, skill_id, training_level) VALUES (131,  4, 26, 'T');
INSERT INTO kits_skills (id, kit_id, skill_id, training_level) VALUES (132,  4, 27, 'N');
INSERT INTO kits_skills (id, kit_id, skill_id, training_level) VALUES (133,  4, 28, 'N');
INSERT INTO kits_skills (id, kit_id, skill_id, training_level) VALUES (134,  4, 29, 'N');
INSERT INTO kits_skills (id, kit_id, skill_id, training_level) VALUES (135,  4, 30, 'N');
INSERT INTO kits_skills (id, kit_id, skill_id, training_level) VALUES (136,  4, 31, 'N');
INSERT INTO kits_skills (id, kit_id, skill_id, training_level) VALUES (137,  4, 32, 'N');
INSERT INTO kits_skills (id, kit_id, skill_id, training_level) VALUES (138,  4, 33, 'E');
INSERT INTO kits_skills (id, kit_id, skill_id, training_level) VALUES (139,  4, 34, 'T');
INSERT INTO kits_skills (id, kit_id, skill_id, training_level) VALUES (140,  4, 35, 'N');
INSERT INTO kits_skills (id, kit_id, skill_id, training_level) VALUES (141,  5,  1, 'N');
INSERT INTO kits_skills (id, kit_id, skill_id, training_level) VALUES (142,  5,  2, 'T');
INSERT INTO kits_skills (id, kit_id, skill_id, training_level) VALUES (143,  5,  3, 'E');
INSERT INTO kits_skills (id, kit_id, skill_id, training_level) VALUES (144,  5,  4, 'N');
INSERT INTO kits_skills (id, kit_id, skill_id, training_level) VALUES (145,  5,  5, 'N');
INSERT INTO kits_skills (id, kit_id, skill_id, training_level) VALUES (146,  5,  6, 'E');
INSERT INTO kits_skills (id, kit_id, skill_id, training_level) VALUES (147,  5,  7, 'T');
INSERT INTO kits_skills (id, kit_id, skill_id, training_level) VALUES (148,  5,  8, 'N');
INSERT INTO kits_skills (id, kit_id, skill_id, training_level) VALUES (149,  5,  9, 'N');
INSERT INTO kits_skills (id, kit_id, skill_id, training_level) VALUES (150,  5, 10, 'N');
INSERT INTO kits_skills (id, kit_id, skill_id, training_level) VALUES (151,  5, 11, 'N');
INSERT INTO kits_skills (id, kit_id, skill_id, training_level) VALUES (152,  5, 12, 'T');
INSERT INTO kits_skills (id, kit_id, skill_id, training_level) VALUES (153,  5, 13, 'T');
INSERT INTO kits_skills (id, kit_id, skill_id, training_level) VALUES (154,  5, 14, 'T');
INSERT INTO kits_skills (id, kit_id, skill_id, training_level) VALUES (155,  5, 15, 'N');
INSERT INTO kits_skills (id, kit_id, skill_id, training_level) VALUES (156,  5, 16, 'N');
INSERT INTO kits_skills (id, kit_id, skill_id, training_level) VALUES (157,  5, 17, 'T');
INSERT INTO kits_skills (id, kit_id, skill_id, training_level) VALUES (158,  5, 18, 'T');
INSERT INTO kits_skills (id, kit_id, skill_id, training_level) VALUES (159,  5, 19, 'N');
INSERT INTO kits_skills (id, kit_id, skill_id, training_level) VALUES (160,  5, 20, 'N');
INSERT INTO kits_skills (id, kit_id, skill_id, training_level) VALUES (161,  5, 21, 'N');
INSERT INTO kits_skills (id, kit_id, skill_id, training_level) VALUES (162,  5, 22, 'T');
INSERT INTO kits_skills (id, kit_id, skill_id, training_level) VALUES (163,  5, 23, 'N');
INSERT INTO kits_skills (id, kit_id, skill_id, training_level) VALUES (164,  5, 24, 'T');
INSERT INTO kits_skills (id, kit_id, skill_id, training_level) VALUES (165,  5, 25, 'N');
INSERT INTO kits_skills (id, kit_id, skill_id, training_level) VALUES (166,  5, 26, 'T');
INSERT INTO kits_skills (id, kit_id, skill_id, training_level) VALUES (167,  5, 27, 'N');
INSERT INTO kits_skills (id, kit_id, skill_id, training_level) VALUES (168,  5, 28, 'N');
INSERT INTO kits_skills (id, kit_id, skill_id, training_level) VALUES (169,  5, 29, 'N');
INSERT INTO kits_skills (id, kit_id, skill_id, training_level) VALUES (170,  5, 30, 'N');
INSERT INTO kits_skills (id, kit_id, skill_id, training_level) VALUES (171,  5, 31, 'N');
INSERT INTO kits_skills (id, kit_id, skill_id, training_level) VALUES (172,  5, 32, 'N');
INSERT INTO kits_skills (id, kit_id, skill_id, training_level) VALUES (173,  5, 33, 'N');
INSERT INTO kits_skills (id, kit_id, skill_id, training_level) VALUES (174,  5, 34, 'N');
INSERT INTO kits_skills (id, kit_id, skill_id, training_level) VALUES (175,  5, 35, 'N');
INSERT INTO kits_skills (id, kit_id, skill_id, training_level) VALUES (176,  6,  1, 'N');
INSERT INTO kits_skills (id, kit_id, skill_id, training_level) VALUES (177,  6,  2, 'T');
INSERT INTO kits_skills (id, kit_id, skill_id, training_level) VALUES (178,  6,  3, 'E');
INSERT INTO kits_skills (id, kit_id, skill_id, training_level) VALUES (179,  6,  4, 'E');
INSERT INTO kits_skills (id, kit_id, skill_id, training_level) VALUES (180,  6,  5, 'N');
INSERT INTO kits_skills (id, kit_id, skill_id, training_level) VALUES (181,  6,  6, 'T');
INSERT INTO kits_skills (id, kit_id, skill_id, training_level) VALUES (182,  6,  7, 'T');
INSERT INTO kits_skills (id, kit_id, skill_id, training_level) VALUES (183,  6,  8, 'N');
INSERT INTO kits_skills (id, kit_id, skill_id, training_level) VALUES (184,  6,  9, 'N');
INSERT INTO kits_skills (id, kit_id, skill_id, training_level) VALUES (185,  6, 10, 'T');
INSERT INTO kits_skills (id, kit_id, skill_id, training_level) VALUES (186,  6, 11, 'N');
INSERT INTO kits_skills (id, kit_id, skill_id, training_level) VALUES (187,  6, 12, 'T');
INSERT INTO kits_skills (id, kit_id, skill_id, training_level) VALUES (188,  6, 13, 'N');
INSERT INTO kits_skills (id, kit_id, skill_id, training_level) VALUES (189,  6, 14, 'N');
INSERT INTO kits_skills (id, kit_id, skill_id, training_level) VALUES (190,  6, 15, 'N');
INSERT INTO kits_skills (id, kit_id, skill_id, training_level) VALUES (191,  6, 16, 'N');
INSERT INTO kits_skills (id, kit_id, skill_id, training_level) VALUES (192,  6, 17, 'N');
INSERT INTO kits_skills (id, kit_id, skill_id, training_level) VALUES (193,  6, 18, 'T');
INSERT INTO kits_skills (id, kit_id, skill_id, training_level) VALUES (194,  6, 19, 'T');
INSERT INTO kits_skills (id, kit_id, skill_id, training_level) VALUES (195,  6, 20, 'N');
INSERT INTO kits_skills (id, kit_id, skill_id, training_level) VALUES (196,  6, 21, 'N');
INSERT INTO kits_skills (id, kit_id, skill_id, training_level) VALUES (197,  6, 22, 'T');
INSERT INTO kits_skills (id, kit_id, skill_id, training_level) VALUES (198,  6, 23, 'N');
INSERT INTO kits_skills (id, kit_id, skill_id, training_level) VALUES (199,  6, 24, 'T');
INSERT INTO kits_skills (id, kit_id, skill_id, training_level) VALUES (200,  6, 25, 'N');
INSERT INTO kits_skills (id, kit_id, skill_id, training_level) VALUES (201,  6, 26, 'N');
INSERT INTO kits_skills (id, kit_id, skill_id, training_level) VALUES (202,  6, 27, 'N');
INSERT INTO kits_skills (id, kit_id, skill_id, training_level) VALUES (203,  6, 28, 'N');
INSERT INTO kits_skills (id, kit_id, skill_id, training_level) VALUES (204,  6, 29, 'N');
INSERT INTO kits_skills (id, kit_id, skill_id, training_level) VALUES (205,  6, 30, 'N');
INSERT INTO kits_skills (id, kit_id, skill_id, training_level) VALUES (206,  6, 31, 'T');
INSERT INTO kits_skills (id, kit_id, skill_id, training_level) VALUES (207,  6, 32, 'N');
INSERT INTO kits_skills (id, kit_id, skill_id, training_level) VALUES (208,  6, 33, 'T');
INSERT INTO kits_skills (id, kit_id, skill_id, training_level) VALUES (209,  6, 34, 'N');
INSERT INTO kits_skills (id, kit_id, skill_id, training_level) VALUES (210,  6, 35, 'N');
INSERT INTO kits_skills (id, kit_id, skill_id, training_level) VALUES (211,  7,  1, 'N');
INSERT INTO kits_skills (id, kit_id, skill_id, training_level) VALUES (212,  7,  2, 'T');
INSERT INTO kits_skills (id, kit_id, skill_id, training_level) VALUES (213,  7,  3, 'E');
INSERT INTO kits_skills (id, kit_id, skill_id, training_level) VALUES (214,  7,  4, 'N');
INSERT INTO kits_skills (id, kit_id, skill_id, training_level) VALUES (215,  7,  5, 'N');
INSERT INTO kits_skills (id, kit_id, skill_id, training_level) VALUES (216,  7,  6, 'N');
INSERT INTO kits_skills (id, kit_id, skill_id, training_level) VALUES (217,  7,  7, 'N');
INSERT INTO kits_skills (id, kit_id, skill_id, training_level) VALUES (218,  7,  8, 'N');
INSERT INTO kits_skills (id, kit_id, skill_id, training_level) VALUES (219,  7,  9, 'N');
INSERT INTO kits_skills (id, kit_id, skill_id, training_level) VALUES (220,  7, 10, 'N');
INSERT INTO kits_skills (id, kit_id, skill_id, training_level) VALUES (221,  7, 11, 'N');
INSERT INTO kits_skills (id, kit_id, skill_id, training_level) VALUES (222,  7, 12, 'T');
INSERT INTO kits_skills (id, kit_id, skill_id, training_level) VALUES (223,  7, 13, 'N');
INSERT INTO kits_skills (id, kit_id, skill_id, training_level) VALUES (224,  7, 14, 'N');
INSERT INTO kits_skills (id, kit_id, skill_id, training_level) VALUES (225,  7, 15, 'N');
INSERT INTO kits_skills (id, kit_id, skill_id, training_level) VALUES (226,  7, 16, 'N');
INSERT INTO kits_skills (id, kit_id, skill_id, training_level) VALUES (227,  7, 17, 'T');
INSERT INTO kits_skills (id, kit_id, skill_id, training_level) VALUES (228,  7, 18, 'N');
INSERT INTO kits_skills (id, kit_id, skill_id, training_level) VALUES (229,  7, 19, 'T');
INSERT INTO kits_skills (id, kit_id, skill_id, training_level) VALUES (230,  7, 20, 'T');
INSERT INTO kits_skills (id, kit_id, skill_id, training_level) VALUES (231,  7, 21, 'N');
INSERT INTO kits_skills (id, kit_id, skill_id, training_level) VALUES (232,  7, 22, 'N');
INSERT INTO kits_skills (id, kit_id, skill_id, training_level) VALUES (233,  7, 23, 'N');
INSERT INTO kits_skills (id, kit_id, skill_id, training_level) VALUES (234,  7, 24, 'T');
INSERT INTO kits_skills (id, kit_id, skill_id, training_level) VALUES (235,  7, 25, 'N');
INSERT INTO kits_skills (id, kit_id, skill_id, training_level) VALUES (236,  7, 26, 'T');
INSERT INTO kits_skills (id, kit_id, skill_id, training_level) VALUES (237,  7, 27, 'N');
INSERT INTO kits_skills (id, kit_id, skill_id, training_level) VALUES (238,  7, 28, 'N');
INSERT INTO kits_skills (id, kit_id, skill_id, training_level) VALUES (239,  7, 29, 'N');
INSERT INTO kits_skills (id, kit_id, skill_id, training_level) VALUES (240,  7, 30, 'N');
INSERT INTO kits_skills (id, kit_id, skill_id, training_level) VALUES (241,  7, 31, 'N');
INSERT INTO kits_skills (id, kit_id, skill_id, training_level) VALUES (242,  7, 32, 'N');
INSERT INTO kits_skills (id, kit_id, skill_id, training_level) VALUES (243,  7, 33, 'E');
INSERT INTO kits_skills (id, kit_id, skill_id, training_level) VALUES (244,  7, 34, 'T');
INSERT INTO kits_skills (id, kit_id, skill_id, training_level) VALUES (245,  7, 35, 'T');
INSERT INTO kits_skills (id, kit_id, skill_id, training_level) VALUES (246,  8,  1, 'N');
INSERT INTO kits_skills (id, kit_id, skill_id, training_level) VALUES (247,  8,  2, 'T');
INSERT INTO kits_skills (id, kit_id, skill_id, training_level) VALUES (248,  8,  3, 'N');
INSERT INTO kits_skills (id, kit_id, skill_id, training_level) VALUES (249,  8,  4, 'N');
INSERT INTO kits_skills (id, kit_id, skill_id, training_level) VALUES (250,  8,  5, 'T');
INSERT INTO kits_skills (id, kit_id, skill_id, training_level) VALUES (251,  8,  6, 'N');
INSERT INTO kits_skills (id, kit_id, skill_id, training_level) VALUES (252,  8,  7, 'N');
INSERT INTO kits_skills (id, kit_id, skill_id, training_level) VALUES (253,  8,  8, 'N');
INSERT INTO kits_skills (id, kit_id, skill_id, training_level) VALUES (254,  8,  9, 'T');
INSERT INTO kits_skills (id, kit_id, skill_id, training_level) VALUES (255,  8, 10, 'N');
INSERT INTO kits_skills (id, kit_id, skill_id, training_level) VALUES (256,  8, 11, 'T');
INSERT INTO kits_skills (id, kit_id, skill_id, training_level) VALUES (257,  8, 12, 'T');
INSERT INTO kits_skills (id, kit_id, skill_id, training_level) VALUES (258,  8, 13, 'N');
INSERT INTO kits_skills (id, kit_id, skill_id, training_level) VALUES (259,  8, 14, 'N');
INSERT INTO kits_skills (id, kit_id, skill_id, training_level) VALUES (260,  8, 15, 'N');
INSERT INTO kits_skills (id, kit_id, skill_id, training_level) VALUES (261,  8, 16, 'N');
INSERT INTO kits_skills (id, kit_id, skill_id, training_level) VALUES (262,  8, 17, 'T');
INSERT INTO kits_skills (id, kit_id, skill_id, training_level) VALUES (263,  8, 18, 'N');
INSERT INTO kits_skills (id, kit_id, skill_id, training_level) VALUES (264,  8, 19, 'T');
INSERT INTO kits_skills (id, kit_id, skill_id, training_level) VALUES (265,  8, 20, 'T');
INSERT INTO kits_skills (id, kit_id, skill_id, training_level) VALUES (266,  8, 21, 'N');
INSERT INTO kits_skills (id, kit_id, skill_id, training_level) VALUES (267,  8, 22, 'N');
INSERT INTO kits_skills (id, kit_id, skill_id, training_level) VALUES (268,  8, 23, 'N');
INSERT INTO kits_skills (id, kit_id, skill_id, training_level) VALUES (269,  8, 24, 'T');
INSERT INTO kits_skills (id, kit_id, skill_id, training_level) VALUES (270,  8, 25, 'N');
INSERT INTO kits_skills (id, kit_id, skill_id, training_level) VALUES (271,  8, 26, 'N');
INSERT INTO kits_skills (id, kit_id, skill_id, training_level) VALUES (272,  8, 27, 'N');
INSERT INTO kits_skills (id, kit_id, skill_id, training_level) VALUES (273,  8, 28, 'N');
INSERT INTO kits_skills (id, kit_id, skill_id, training_level) VALUES (274,  8, 29, 'N');
INSERT INTO kits_skills (id, kit_id, skill_id, training_level) VALUES (275,  8, 30, 'N');
INSERT INTO kits_skills (id, kit_id, skill_id, training_level) VALUES (276,  8, 31, 'N');
INSERT INTO kits_skills (id, kit_id, skill_id, training_level) VALUES (277,  8, 32, 'N');
INSERT INTO kits_skills (id, kit_id, skill_id, training_level) VALUES (278,  8, 33, 'E');
INSERT INTO kits_skills (id, kit_id, skill_id, training_level) VALUES (279,  8, 34, 'E');
INSERT INTO kits_skills (id, kit_id, skill_id, training_level) VALUES (280,  8, 35, 'T');
INSERT INTO kits_skills (id, kit_id, skill_id, training_level) VALUES (281,  9,  1, 'N');
INSERT INTO kits_skills (id, kit_id, skill_id, training_level) VALUES (282,  9,  2, 'T');
INSERT INTO kits_skills (id, kit_id, skill_id, training_level) VALUES (283,  9,  3, 'N');
INSERT INTO kits_skills (id, kit_id, skill_id, training_level) VALUES (284,  9,  4, 'N');
INSERT INTO kits_skills (id, kit_id, skill_id, training_level) VALUES (285,  9,  5, 'N');
INSERT INTO kits_skills (id, kit_id, skill_id, training_level) VALUES (286,  9,  6, 'T');
INSERT INTO kits_skills (id, kit_id, skill_id, training_level) VALUES (287,  9,  7, 'E');
INSERT INTO kits_skills (id, kit_id, skill_id, training_level) VALUES (288,  9,  8, 'N');
INSERT INTO kits_skills (id, kit_id, skill_id, training_level) VALUES (289,  9,  9, 'N');
INSERT INTO kits_skills (id, kit_id, skill_id, training_level) VALUES (290,  9, 10, 'N');
INSERT INTO kits_skills (id, kit_id, skill_id, training_level) VALUES (291,  9, 11, 'T');
INSERT INTO kits_skills (id, kit_id, skill_id, training_level) VALUES (292,  9, 12, 'T');
INSERT INTO kits_skills (id, kit_id, skill_id, training_level) VALUES (293,  9, 13, 'N');
INSERT INTO kits_skills (id, kit_id, skill_id, training_level) VALUES (294,  9, 14, 'N');
INSERT INTO kits_skills (id, kit_id, skill_id, training_level) VALUES (295,  9, 15, 'T');
INSERT INTO kits_skills (id, kit_id, skill_id, training_level) VALUES (296,  9, 16, 'N');
INSERT INTO kits_skills (id, kit_id, skill_id, training_level) VALUES (297,  9, 17, 'N');
INSERT INTO kits_skills (id, kit_id, skill_id, training_level) VALUES (298,  9, 18, 'N');
INSERT INTO kits_skills (id, kit_id, skill_id, training_level) VALUES (299,  9, 19, 'N');
INSERT INTO kits_skills (id, kit_id, skill_id, training_level) VALUES (300,  9, 20, 'N');
INSERT INTO kits_skills (id, kit_id, skill_id, training_level) VALUES (301,  9, 21, 'N');
INSERT INTO kits_skills (id, kit_id, skill_id, training_level) VALUES (302,  9, 22, 'T');
INSERT INTO kits_skills (id, kit_id, skill_id, training_level) VALUES (303,  9, 23, 'T');
INSERT INTO kits_skills (id, kit_id, skill_id, training_level) VALUES (304,  9, 24, 'T');
INSERT INTO kits_skills (id, kit_id, skill_id, training_level) VALUES (305,  9, 25, 'N');
INSERT INTO kits_skills (id, kit_id, skill_id, training_level) VALUES (306,  9, 26, 'T');
INSERT INTO kits_skills (id, kit_id, skill_id, training_level) VALUES (307,  9, 27, 'N');
INSERT INTO kits_skills (id, kit_id, skill_id, training_level) VALUES (308,  9, 28, 'T');
INSERT INTO kits_skills (id, kit_id, skill_id, training_level) VALUES (309,  9, 29, 'N');
INSERT INTO kits_skills (id, kit_id, skill_id, training_level) VALUES (310,  9, 30, 'N');
INSERT INTO kits_skills (id, kit_id, skill_id, training_level) VALUES (311,  9, 31, 'N');
INSERT INTO kits_skills (id, kit_id, skill_id, training_level) VALUES (312,  9, 32, 'N');
INSERT INTO kits_skills (id, kit_id, skill_id, training_level) VALUES (313,  9, 33, 'E');
INSERT INTO kits_skills (id, kit_id, skill_id, training_level) VALUES (314,  9, 34, 'N');
INSERT INTO kits_skills (id, kit_id, skill_id, training_level) VALUES (315,  9, 35, 'N');
INSERT INTO kits_skills (id, kit_id, skill_id, training_level) VALUES (316, 10,  1, 'N');
INSERT INTO kits_skills (id, kit_id, skill_id, training_level) VALUES (317, 10,  2, 'T');
INSERT INTO kits_skills (id, kit_id, skill_id, training_level) VALUES (318, 10,  3, 'E');
INSERT INTO kits_skills (id, kit_id, skill_id, training_level) VALUES (319, 10,  4, 'E');
INSERT INTO kits_skills (id, kit_id, skill_id, training_level) VALUES (320, 10,  5, 'N');
INSERT INTO kits_skills (id, kit_id, skill_id, training_level) VALUES (321, 10,  6, 'T');
INSERT INTO kits_skills (id, kit_id, skill_id, training_level) VALUES (322, 10,  7, 'N');
INSERT INTO kits_skills (id, kit_id, skill_id, training_level) VALUES (323, 10,  8, 'N');
INSERT INTO kits_skills (id, kit_id, skill_id, training_level) VALUES (324, 10,  9, 'N');
INSERT INTO kits_skills (id, kit_id, skill_id, training_level) VALUES (325, 10, 10, 'N');
INSERT INTO kits_skills (id, kit_id, skill_id, training_level) VALUES (326, 10, 11, 'T');
INSERT INTO kits_skills (id, kit_id, skill_id, training_level) VALUES (327, 10, 12, 'E');
INSERT INTO kits_skills (id, kit_id, skill_id, training_level) VALUES (328, 10, 13, 'N');
INSERT INTO kits_skills (id, kit_id, skill_id, training_level) VALUES (329, 10, 14, 'T');
INSERT INTO kits_skills (id, kit_id, skill_id, training_level) VALUES (330, 10, 15, 'N');
INSERT INTO kits_skills (id, kit_id, skill_id, training_level) VALUES (331, 10, 16, 'N');
INSERT INTO kits_skills (id, kit_id, skill_id, training_level) VALUES (332, 10, 17, 'N');
INSERT INTO kits_skills (id, kit_id, skill_id, training_level) VALUES (333, 10, 18, 'T');
INSERT INTO kits_skills (id, kit_id, skill_id, training_level) VALUES (334, 10, 19, 'T');
INSERT INTO kits_skills (id, kit_id, skill_id, training_level) VALUES (335, 10, 20, 'N');
INSERT INTO kits_skills (id, kit_id, skill_id, training_level) VALUES (336, 10, 21, 'N');
INSERT INTO kits_skills (id, kit_id, skill_id, training_level) VALUES (337, 10, 22, 'T');
INSERT INTO kits_skills (id, kit_id, skill_id, training_level) VALUES (338, 10, 23, 'N');
INSERT INTO kits_skills (id, kit_id, skill_id, training_level) VALUES (339, 10, 24, 'T');
INSERT INTO kits_skills (id, kit_id, skill_id, training_level) VALUES (340, 10, 25, 'N');
INSERT INTO kits_skills (id, kit_id, skill_id, training_level) VALUES (341, 10, 26, 'T');
INSERT INTO kits_skills (id, kit_id, skill_id, training_level) VALUES (342, 10, 27, 'N');
INSERT INTO kits_skills (id, kit_id, skill_id, training_level) VALUES (343, 10, 28, 'T');
INSERT INTO kits_skills (id, kit_id, skill_id, training_level) VALUES (344, 10, 29, 'N');
INSERT INTO kits_skills (id, kit_id, skill_id, training_level) VALUES (345, 10, 30, 'N');
INSERT INTO kits_skills (id, kit_id, skill_id, training_level) VALUES (346, 10, 31, 'N');
INSERT INTO kits_skills (id, kit_id, skill_id, training_level) VALUES (347, 10, 32, 'N');
INSERT INTO kits_skills (id, kit_id, skill_id, training_level) VALUES (348, 10, 33, 'N');
INSERT INTO kits_skills (id, kit_id, skill_id, training_level) VALUES (349, 10, 34, 'N');
INSERT INTO kits_skills (id, kit_id, skill_id, training_level) VALUES (350, 10, 35, 'N');
INSERT INTO kits_skills (id, kit_id, skill_id, training_level) VALUES (351, 11,  1, 'N');
INSERT INTO kits_skills (id, kit_id, skill_id, training_level) VALUES (352, 11,  2, 'T');
INSERT INTO kits_skills (id, kit_id, skill_id, training_level) VALUES (353, 11,  3, 'T');
INSERT INTO kits_skills (id, kit_id, skill_id, training_level) VALUES (354, 11,  4, 'T');
INSERT INTO kits_skills (id, kit_id, skill_id, training_level) VALUES (355, 11,  5, 'N');
INSERT INTO kits_skills (id, kit_id, skill_id, training_level) VALUES (356, 11,  6, 'N');
INSERT INTO kits_skills (id, kit_id, skill_id, training_level) VALUES (357, 11,  7, 'N');
INSERT INTO kits_skills (id, kit_id, skill_id, training_level) VALUES (358, 11,  8, 'N');
INSERT INTO kits_skills (id, kit_id, skill_id, training_level) VALUES (359, 11,  9, 'N');
INSERT INTO kits_skills (id, kit_id, skill_id, training_level) VALUES (360, 11, 10, 'N');
INSERT INTO kits_skills (id, kit_id, skill_id, training_level) VALUES (361, 11, 11, 'N');
INSERT INTO kits_skills (id, kit_id, skill_id, training_level) VALUES (362, 11, 12, 'T');
INSERT INTO kits_skills (id, kit_id, skill_id, training_level) VALUES (363, 11, 13, 'E');
INSERT INTO kits_skills (id, kit_id, skill_id, training_level) VALUES (364, 11, 14, 'N');
INSERT INTO kits_skills (id, kit_id, skill_id, training_level) VALUES (365, 11, 15, 'N');
INSERT INTO kits_skills (id, kit_id, skill_id, training_level) VALUES (366, 11, 16, 'E');
INSERT INTO kits_skills (id, kit_id, skill_id, training_level) VALUES (367, 11, 17, 'T');
INSERT INTO kits_skills (id, kit_id, skill_id, training_level) VALUES (368, 11, 18, 'T');
INSERT INTO kits_skills (id, kit_id, skill_id, training_level) VALUES (369, 11, 19, 'T');
INSERT INTO kits_skills (id, kit_id, skill_id, training_level) VALUES (370, 11, 20, 'T');
INSERT INTO kits_skills (id, kit_id, skill_id, training_level) VALUES (371, 11, 21, 'N');
INSERT INTO kits_skills (id, kit_id, skill_id, training_level) VALUES (372, 11, 22, 'N');
INSERT INTO kits_skills (id, kit_id, skill_id, training_level) VALUES (373, 11, 23, 'N');
INSERT INTO kits_skills (id, kit_id, skill_id, training_level) VALUES (374, 11, 24, 'N');
INSERT INTO kits_skills (id, kit_id, skill_id, training_level) VALUES (375, 11, 25, 'E');
INSERT INTO kits_skills (id, kit_id, skill_id, training_level) VALUES (376, 11, 26, 'N');
INSERT INTO kits_skills (id, kit_id, skill_id, training_level) VALUES (377, 11, 27, 'N');
INSERT INTO kits_skills (id, kit_id, skill_id, training_level) VALUES (378, 11, 28, 'N');
INSERT INTO kits_skills (id, kit_id, skill_id, training_level) VALUES (379, 11, 29, 'T');
INSERT INTO kits_skills (id, kit_id, skill_id, training_level) VALUES (380, 11, 30, 'N');
INSERT INTO kits_skills (id, kit_id, skill_id, training_level) VALUES (381, 11, 31, 'T');
INSERT INTO kits_skills (id, kit_id, skill_id, training_level) VALUES (382, 11, 32, 'N');
INSERT INTO kits_skills (id, kit_id, skill_id, training_level) VALUES (383, 11, 33, 'N');
INSERT INTO kits_skills (id, kit_id, skill_id, training_level) VALUES (384, 11, 34, 'T');
INSERT INTO kits_skills (id, kit_id, skill_id, training_level) VALUES (385, 11, 35, 'N');

INSERT INTO magic_aspects (id, name) VALUES ( 1, 'Magia Pura');
INSERT INTO magic_aspects (id, name) VALUES ( 2, 'Energía');
INSERT INTO magic_aspects (id, name) VALUES ( 3, 'Aire');
INSERT INTO magic_aspects (id, name) VALUES ( 4, 'Fuego');
INSERT INTO magic_aspects (id, name) VALUES ( 5, 'Agua');
INSERT INTO magic_aspects (id, name) VALUES ( 6, 'Tierra');
INSERT INTO magic_aspects (id, name) VALUES ( 7, 'Vida');
INSERT INTO magic_aspects (id, name) VALUES ( 8, 'Luz');
INSERT INTO magic_aspects (id, name) VALUES ( 9, 'Tiempo');
INSERT INTO magic_aspects (id, name) VALUES (10, 'Espíritu');
INSERT INTO magic_aspects (id, name) VALUES (11, 'Bestias');
INSERT INTO magic_aspects (id, name) VALUES (12, 'Naturaleza');
INSERT INTO magic_aspects (id, name) VALUES (13, 'Mente');
INSERT INTO magic_aspects (id, name) VALUES (14, 'Muerte');
INSERT INTO magic_aspects (id, name) VALUES (15, 'Monstruos');

INSERT INTO spells (id, name, level, power_points, learning_difficulty, casting_difficulty, effect) VALUES ( 1, 'Luz',                       1, '1',                                                                          12, 10, '');
INSERT INTO spells (id, name, level, power_points, learning_difficulty, casting_difficulty, effect) VALUES ( 2, 'Rocío',                     1, '2 por Litro',                                                                12, 11, 'hola');
INSERT INTO spells (id, name, level, power_points, learning_difficulty, casting_difficulty, effect) VALUES ( 3, 'Llamada',                   1, '1 por Punto de Vigor',                                                       14, 12, '');
INSERT INTO spells (id, name, level, power_points, learning_difficulty, casting_difficulty, effect) VALUES ( 4, 'Conocer Tiempo',            1, '1',                                                                           8, 10, '');
INSERT INTO spells (id, name, level, power_points, learning_difficulty, casting_difficulty, effect) VALUES ( 5, 'Bloquear Acción',           1, '10 por Ronda',                                                               14, 12, '');
INSERT INTO spells (id, name, level, power_points, learning_difficulty, casting_difficulty, effect) VALUES ( 6, 'Ancla Temporal',            1, '10, +1 por Hora Adicional',                                                  15, 15, '');
INSERT INTO spells (id, name, level, power_points, learning_difficulty, casting_difficulty, effect) VALUES ( 7, 'Reformar',                  1, '1 por cada 3 Puntos de Vida Curados',                                        12, 12, '');
INSERT INTO spells (id, name, level, power_points, learning_difficulty, casting_difficulty, effect) VALUES ( 8, 'Enlace Mental',             1, '1 por Objetivo y Hora',                                                      10, 12, '');
INSERT INTO spells (id, name, level, power_points, learning_difficulty, casting_difficulty, effect) VALUES ( 9, 'Suministrar Aire',          1, '8 por Metro Cúbico',                                                         16, 14, '');
INSERT INTO spells (id, name, level, power_points, learning_difficulty, casting_difficulty, effect) VALUES (10, 'Crear Sonido',              1, '4 por Sonido',                                                               14, 14, '');
INSERT INTO spells (id, name, level, power_points, learning_difficulty, casting_difficulty, effect) VALUES (11, 'Combustión',                1, '2',                                                                           8, 10, '');
INSERT INTO spells (id, name, level, power_points, learning_difficulty, casting_difficulty, effect) VALUES (12, 'Sabiduría',                 1, '2',                                                                          14, 12, '');
INSERT INTO spells (id, name, level, power_points, learning_difficulty, casting_difficulty, effect) VALUES (13, 'Descubrir Hilos',           1, '1',                                                                          10, 10, '');
INSERT INTO spells (id, name, level, power_points, learning_difficulty, casting_difficulty, effect) VALUES (14, 'Absorber',                  1, '0',                                                                          10, 12, '');
INSERT INTO spells (id, name, level, power_points, learning_difficulty, casting_difficulty, effect) VALUES (15, 'Chispa',                    1, '2 por Chispa',                                                               14, 15, '');
INSERT INTO spells (id, name, level, power_points, learning_difficulty, casting_difficulty, effect) VALUES (16, 'Senda de Muerte',           2, '6',                                                                          15, 16, '');
INSERT INTO spells (id, name, level, power_points, learning_difficulty, casting_difficulty, effect) VALUES (17, 'Descentrar Segundo',        2, '2 por Turno de Combate',                                                     18, 18, '');
INSERT INTO spells (id, name, level, power_points, learning_difficulty, casting_difficulty, effect) VALUES (18, 'Senda de Vida',             2, '4',                                                                          16, 17, '');
INSERT INTO spells (id, name, level, power_points, learning_difficulty, casting_difficulty, effect) VALUES (19, 'Alterar el Espíritu',       2, '14',                                                                         16, 18, '');
INSERT INTO spells (id, name, level, power_points, learning_difficulty, casting_difficulty, effect) VALUES (20, 'Ocultar Mente',             2, '1',                                                                          16, 18, '');
INSERT INTO spells (id, name, level, power_points, learning_difficulty, casting_difficulty, effect) VALUES (21, 'Insinuaciones',             2, '4 por Insinuación y Objetivo',                                               18, 20, '');
INSERT INTO spells (id, name, level, power_points, learning_difficulty, casting_difficulty, effect) VALUES (22, 'Sonda',                     2, '4',                                                                          14, 14, '');
INSERT INTO spells (id, name, level, power_points, learning_difficulty, casting_difficulty, effect) VALUES (23, 'Volar',                     2, '2 por Hora de Vuelo, +2 por Aumento de Velocidad, +1 por Aumento de Altura', 16, 15, '');
INSERT INTO spells (id, name, level, power_points, learning_difficulty, casting_difficulty, effect) VALUES (24, 'Comprensión de Sonidos',    2, '5 por Turno de Combate',                                                     18, 20, '');
INSERT INTO spells (id, name, level, power_points, learning_difficulty, casting_difficulty, effect) VALUES (25, 'Golpe de Calor',            2, '2, +1 por Punto de Daño',                                                    15, 14, '');
INSERT INTO spells (id, name, level, power_points, learning_difficulty, casting_difficulty, effect) VALUES (26, 'Fortaleza',                 2, '6, 8 o 12',                                                                  14, 18, '');
INSERT INTO spells (id, name, level, power_points, learning_difficulty, casting_difficulty, effect) VALUES (27, 'Alterar Elemento',          2, '6',                                                                          16, 18, '');
INSERT INTO spells (id, name, level, power_points, learning_difficulty, casting_difficulty, effect) VALUES (28, 'Rayo Blanco',               2, '2 por cada 5 Puntos de Daño',                                                16, 18, '');
INSERT INTO spells (id, name, level, power_points, learning_difficulty, casting_difficulty, effect) VALUES (29, 'Modificar Energía',         2, '8',                                                                          16, 17, '');
INSERT INTO spells (id, name, level, power_points, learning_difficulty, casting_difficulty, effect) VALUES (30, 'Seguir Hilos',              2, '4',                                                                          15, 16, '');
INSERT INTO spells (id, name, level, power_points, learning_difficulty, casting_difficulty, effect) VALUES (31, 'Mantener Conjuro',          2, '10',                                                                         16, 18, '');
INSERT INTO spells (id, name, level, power_points, learning_difficulty, casting_difficulty, effect) VALUES (32, 'Cambiar Nacimiento',        2, '6',                                                                          18, 19, '');
INSERT INTO spells (id, name, level, power_points, learning_difficulty, casting_difficulty, effect) VALUES (33, 'Dolor',                     3, '16',                                                                         18, 19, '');
INSERT INTO spells (id, name, level, power_points, learning_difficulty, casting_difficulty, effect) VALUES (34, 'Sentidos Mejorados',        3, '2 por Sentido',                                                              21, 22, '');
INSERT INTO spells (id, name, level, power_points, learning_difficulty, casting_difficulty, effect) VALUES (35, 'Invertir Acción',           3, '12 por Acción Invertida',                                                    18, 24, '');
INSERT INTO spells (id, name, level, power_points, learning_difficulty, casting_difficulty, effect) VALUES (36, 'Calentar',                  3, '2, +1 por Dado Adicional de Daño',                                           22, 24, '');
INSERT INTO spells (id, name, level, power_points, learning_difficulty, casting_difficulty, effect) VALUES (37, 'Potenciar',                 3, '4 por Dado',                                                                 22, 21, '');
INSERT INTO spells (id, name, level, power_points, learning_difficulty, casting_difficulty, effect) VALUES (38, 'Moldear los Fluidos',       4, '4 por Litro',                                                                26, 26, '');
INSERT INTO spells (id, name, level, power_points, learning_difficulty, casting_difficulty, effect) VALUES (39, 'Arenas del Tiempo',         4, '26, +2 por Año',                                                             18, 26, '');
INSERT INTO spells (id, name, level, power_points, learning_difficulty, casting_difficulty, effect) VALUES (40, 'Desgarrar el Espíritu',     4, '10',                                                                         18, 22, '');
INSERT INTO spells (id, name, level, power_points, learning_difficulty, casting_difficulty, effect) VALUES (41, 'Estallido Mental',          4, '14',                                                                         24, 26, '');
INSERT INTO spells (id, name, level, power_points, learning_difficulty, casting_difficulty, effect) VALUES (42, 'Alteración Modular Sónica', 4, '2 por Turno de Combate',                                                     22, 24, '');
INSERT INTO spells (id, name, level, power_points, learning_difficulty, casting_difficulty, effect) VALUES (43, 'Inamovilidad',              4, '18 por Turno de Combate',                                                    28, 28, '');
INSERT INTO spells (id, name, level, power_points, learning_difficulty, casting_difficulty, effect) VALUES (44, 'Golpe de Fuego',            4, '1 por cada 2 Puntos de Daño',                                                20, 28, '');
INSERT INTO spells (id, name, level, power_points, learning_difficulty, casting_difficulty, effect) VALUES (45, 'Explosión',                 4, '18',                                                                         25, 28, '');
INSERT INTO spells (id, name, level, power_points, learning_difficulty, casting_difficulty, effect) VALUES (46, 'Golpe de Luz',              5, '2 por cada 3 Puntos de Daño',                                                26, 22, '');
INSERT INTO spells (id, name, level, power_points, learning_difficulty, casting_difficulty, effect) VALUES (47, 'Posesión',                  5, '35',                                                                         34, 36, '');
INSERT INTO spells (id, name, level, power_points, learning_difficulty, casting_difficulty, effect) VALUES (48, 'Huracán de Poder',          5, '80 por Hora',                                                                56, 62, '');
INSERT INTO spells (id, name, level, power_points, learning_difficulty, casting_difficulty, effect) VALUES (49, 'Modificar Vida',            6, '38',                                                                         34, 36, '');
INSERT INTO spells (id, name, level, power_points, learning_difficulty, casting_difficulty, effect) VALUES (50, 'Fuego Blanco',              6, '16, +1 por cada 5 Puntos de Daño',                                           34, 35, '');
