/* ERT */

INSERT INTO races (id, parent_race, name, attributes_physical, attributes_mental, attributes_spiritual, balance_law, balance_magic, balance_chaos, life_multiplier) VALUES ( 1, 'Melion',  'Alsano',    11, 10, 11, 1, 2, 1,  8);
INSERT INTO races (id, parent_race, name, attributes_physical, attributes_mental, attributes_spiritual, balance_law, balance_magic, balance_chaos, life_multiplier) VALUES ( 2, 'Melion',  'Kenion',    11, 11, 11, 1, 3, 1,  8);
INSERT INTO races (id, parent_race, name, attributes_physical, attributes_mental, attributes_spiritual, balance_law, balance_magic, balance_chaos, life_multiplier) VALUES ( 3, 'Melion',  'Mirr',      12,  9,  9, 1, 2, 1, 10);
INSERT INTO races (id, parent_race, name, attributes_physical, attributes_mental, attributes_spiritual, balance_law, balance_magic, balance_chaos, life_multiplier) VALUES ( 4, 'Melion',  'Taerita',   11,  8, 11, 1, 2, 1,  8);
INSERT INTO races (id, parent_race, name, attributes_physical, attributes_mental, attributes_spiritual, balance_law, balance_magic, balance_chaos, life_multiplier) VALUES ( 5, 'Melion',  'Moellan',   11,  9, 10, 1, 2, 1,  8);
INSERT INTO races (id, parent_race, name, attributes_physical, attributes_mental, attributes_spiritual, balance_law, balance_magic, balance_chaos, life_multiplier) VALUES ( 6, 'Melion',  'Samnio',     8,  9, 12, 1, 3, 1,  8);
INSERT INTO races (id, parent_race, name, attributes_physical, attributes_mental, attributes_spiritual, balance_law, balance_magic, balance_chaos, life_multiplier) VALUES ( 7, 'Dweloin', 'Pearoin',   14, 10,  8, 1, 1, 2, 10);
INSERT INTO races (id, parent_race, name, attributes_physical, attributes_mental, attributes_spiritual, balance_law, balance_magic, balance_chaos, life_multiplier) VALUES ( 8, 'Selion',  'Nethan',    13,  8, 10, 1, 2, 1,  9);
INSERT INTO races (id, parent_race, name, attributes_physical, attributes_mental, attributes_spiritual, balance_law, balance_magic, balance_chaos, life_multiplier) VALUES ( 9, 'Ywen',    'Celestial',  9, 12, 10, 2, 2, 1,  8);
INSERT INTO races (id, parent_race, name, attributes_physical, attributes_mental, attributes_spiritual, balance_law, balance_magic, balance_chaos, life_multiplier) VALUES (10, 'Ywen',    'Amanecer',  12, 11,  8, 2, 2, 1,  7);

INSERT INTO racial_gifts (id, race_id, name) VALUES ( 1,  1, 'Bueno para Todo');
INSERT INTO racial_gifts (id, race_id, name) VALUES ( 2,  1, 'Experto Artesano');
INSERT INTO racial_gifts (id, race_id, name) VALUES ( 3,  2, 'Preparación Militar');
INSERT INTO racial_gifts (id, race_id, name) VALUES ( 4,  2, 'Conocimientos en Historia Antigua');
INSERT INTO racial_gifts (id, race_id, name) VALUES ( 5,  2, 'Magia Global');
INSERT INTO racial_gifts (id, race_id, name) VALUES ( 6,  3, 'Resistencia a las Enfermedades');
INSERT INTO racial_gifts (id, race_id, name) VALUES ( 7,  3, 'Comprensión de la Naturaleza');
INSERT INTO racial_gifts (id, race_id, name) VALUES ( 8,  3, 'Empatía Animal');
INSERT INTO racial_gifts (id, race_id, name) VALUES ( 9,  4, 'Manto de Sombras');
INSERT INTO racial_gifts (id, race_id, name) VALUES (10,  4, 'Dotado para los Dones del Caos');
INSERT INTO racial_gifts (id, race_id, name) VALUES (11,  4, 'Inmune a los Venenos Naturales');
INSERT INTO racial_gifts (id, race_id, name) VALUES (12,  4, 'Conocimiento en Venenos');
INSERT INTO racial_gifts (id, race_id, name) VALUES (13,  4, 'Equipo Inicial: Daga Kr');
INSERT INTO racial_gifts (id, race_id, name) VALUES (14,  4, 'Equipo Inicial: Dos Venenos a elegir');
INSERT INTO racial_gifts (id, race_id, name) VALUES (15,  5, 'Equipo Inicial: Caballo Moellan');
INSERT INTO racial_gifts (id, race_id, name) VALUES (16,  5, 'Empatía con los Caballos');
INSERT INTO racial_gifts (id, race_id, name) VALUES (17,  5, 'Vista Aguda');
INSERT INTO racial_gifts (id, race_id, name) VALUES (18,  5, 'Experto Rastreador');
INSERT INTO racial_gifts (id, race_id, name) VALUES (19,  6, 'Ojos de Estrellas');
INSERT INTO racial_gifts (id, race_id, name) VALUES (20,  6, 'Aptitud Natural para la Magia');
INSERT INTO racial_gifts (id, race_id, name) VALUES (21,  7, 'Piel Resistente');
INSERT INTO racial_gifts (id, race_id, name) VALUES (22,  7, 'Doble Corazón');
INSERT INTO racial_gifts (id, race_id, name) VALUES (23,  7, 'Sangre de Metal');
INSERT INTO racial_gifts (id, race_id, name) VALUES (24,  8, 'Ojos de Gato');
INSERT INTO racial_gifts (id, race_id, name) VALUES (25,  8, 'Sentidos Agudizados');
INSERT INTO racial_gifts (id, race_id, name) VALUES (26,  8, 'Afinidad con los Felinos');
INSERT INTO racial_gifts (id, race_id, name) VALUES (27,  8, 'Garras');
INSERT INTO racial_gifts (id, race_id, name) VALUES (28,  9, 'Acostumbrado a las Alturas');
INSERT INTO racial_gifts (id, race_id, name) VALUES (29,  9, 'Levitación');
INSERT INTO racial_gifts (id, race_id, name) VALUES (30,  9, 'Dones del Viento');
INSERT INTO racial_gifts (id, race_id, name) VALUES (31, 10, 'Fuerza del Amanecer');
INSERT INTO racial_gifts (id, race_id, name) VALUES (32, 10, 'Maestría en Trato con Otras Razas');

INSERT INTO kits (id, name, balance_law, balance_magic, balance_chaos, life, aspects) VALUES ( 1, 'Aruj',                            0, 1, 1, 4, 'Uno cualquiera');
INSERT INTO kits (id, name, balance_law, balance_magic, balance_chaos, life, aspects) VALUES ( 2, 'Bandido',                         0, 1, 0, 4, 'Uno cualquiera');
INSERT INTO kits (id, name, balance_law, balance_magic, balance_chaos, life, aspects) VALUES ( 3, 'Brujo',                           0, 3, 0, 5, 'Agua, Aire, Fuego y Tierra');
INSERT INTO kits (id, name, balance_law, balance_magic, balance_chaos, life, aspects) VALUES ( 4, 'Caballero de la Cruz Alada',      0, 2, 0, 6, 'Aire y Luz');
INSERT INTO kits (id, name, balance_law, balance_magic, balance_chaos, life, aspects) VALUES ( 5, 'Caballero de la Llama Eterna',    0, 2, 0, 6, 'Fuego');
INSERT INTO kits (id, name, balance_law, balance_magic, balance_chaos, life, aspects) VALUES ( 6, 'Caballero de la Orden de Litner', 0, 2, 0, 6, 'Muerte');
INSERT INTO kits (id, name, balance_law, balance_magic, balance_chaos, life, aspects) VALUES ( 7, 'Euragan',                         0, 2, 0, 4, 'Energía y Tiempo');
INSERT INTO kits (id, name, balance_law, balance_magic, balance_chaos, life, aspects) VALUES ( 8, 'Mago Imperial',                   0, 3, 0, 3, 'Todos');
INSERT INTO kits (id, name, balance_law, balance_magic, balance_chaos, life, aspects) VALUES ( 9, 'Sadiurd',                         0, 2, 0, 4, 'Bestias y Naturaleza');
INSERT INTO kits (id, name, balance_law, balance_magic, balance_chaos, life, aspects) VALUES (10, 'Soldado',                         0, 0, 0, 7, 'Uno cualquiera');
INSERT INTO kits (id, name, balance_law, balance_magic, balance_chaos, life, aspects) VALUES (11, 'Trovador',                        0, 1, 0, 4, 'Uno cualquiera');

INSERT INTO skills (id, name, nombre) VALUES ( 1, 'Craft',           'Artesanía');
INSERT INTO skills (id, name, nombre) VALUES ( 2, 'Alert',           'Alerta');
INSERT INTO skills (id, name, nombre) VALUES ( 3, 'Melee Weapons',   'Armas Cuerpo a Cuerpo');
INSERT INTO skills (id, name, nombre) VALUES ( 4, 'Ranged Weapons',  'Armas a Distancia');
INSERT INTO skills (id, name, nombre) VALUES ( 5, 'Astrology',       'Astrología');
INSERT INTO skills (id, name, nombre) VALUES ( 6, 'Athletics',       'Atletismo');
INSERT INTO skills (id, name, nombre) VALUES ( 7, 'Bestiary',        'Bestiario');
INSERT INTO skills (id, name, nombre) VALUES ( 8, 'Commerce',        'Comercio');
INSERT INTO skills (id, name, nombre) VALUES ( 9, 'Religion',        'Religión');
INSERT INTO skills (id, name, nombre) VALUES (10, 'Poisons',         'Venenos');
INSERT INTO skills (id, name, nombre) VALUES (11, 'Healing',         'Curación');
INSERT INTO skills (id, name, nombre) VALUES (12, 'Dodge',           'Esquivar');
INSERT INTO skills (id, name, nombre) VALUES (13, 'Etiquette',       'Etiqueta');
INSERT INTO skills (id, name, nombre) VALUES (14, 'Forging',         'Forja');
INSERT INTO skills (id, name, nombre) VALUES (15, 'Foraging',        'Forrajeo');
INSERT INTO skills (id, name, nombre) VALUES (16, 'Arts',            'Artes');
INSERT INTO skills (id, name, nombre) VALUES (17, 'History',         'Historia');
INSERT INTO skills (id, name, nombre) VALUES (18, 'Initiative',      'Iniciativa');
INSERT INTO skills (id, name, nombre) VALUES (19, 'Investigate',     'Investigación');
INSERT INTO skills (id, name, nombre) VALUES (20, 'Languages',       'Lenguas');
INSERT INTO skills (id, name, nombre) VALUES (21, 'Juggle',          'Malabares');
INSERT INTO skills (id, name, nombre) VALUES (22, 'Mount',           'Montar');
INSERT INTO skills (id, name, nombre) VALUES (23, 'Swim',            'Nadar');
INSERT INTO skills (id, name, nombre) VALUES (24, 'Watch',           'Observar');
INSERT INTO skills (id, name, nombre) VALUES (25, 'Oratory',         'Oratoria');
INSERT INTO skills (id, name, nombre) VALUES (26, 'Fight',           'Pelea');
INSERT INTO skills (id, name, nombre) VALUES (27, 'Politics',        'Política');
INSERT INTO skills (id, name, nombre) VALUES (28, 'Track',           'Rastreo');
INSERT INTO skills (id, name, nombre) VALUES (29, 'Haggling',        'Regateo');
INSERT INTO skills (id, name, nombre) VALUES (30, 'Steal',           'Robo');
INSERT INTO skills (id, name, nombre) VALUES (31, 'Stealth',         'Sigilo');
INSERT INTO skills (id, name, nombre) VALUES (32, 'Traps',           'Trampas');
INSERT INTO skills (id, name, nombre) VALUES (33, 'Use Gifts',       'Usar Dones');
INSERT INTO skills (id, name, nombre) VALUES (34, 'Use Magic Items', 'Usar Objetos Mágicos');
INSERT INTO skills (id, name, nombre) VALUES (35, 'Use Powers',      'Usar Poderes');

INSERT INTO kits_skills (id, kit_id, skill_id, training_level) VALUES (  1,  1,  1, 'E');
INSERT INTO kits_skills (id, kit_id, skill_id, training_level) VALUES (  2,  1,  2, 'N');
INSERT INTO kits_skills (id, kit_id, skill_id, training_level) VALUES (  3,  1,  3, 'N');
INSERT INTO kits_skills (id, kit_id, skill_id, training_level) VALUES (  4,  1,  4, 'N');
INSERT INTO kits_skills (id, kit_id, skill_id, training_level) VALUES (  5,  1,  5, 'T');
INSERT INTO kits_skills (id, kit_id, skill_id, training_level) VALUES (  6,  1,  6, 'N');
INSERT INTO kits_skills (id, kit_id, skill_id, training_level) VALUES (  7,  1,  7, 'T');
INSERT INTO kits_skills (id, kit_id, skill_id, training_level) VALUES (  8,  1,  8, 'E');
INSERT INTO kits_skills (id, kit_id, skill_id, training_level) VALUES (  9,  1,  9, 'N');
INSERT INTO kits_skills (id, kit_id, skill_id, training_level) VALUES ( 10,  1, 10, 'N');
INSERT INTO kits_skills (id, kit_id, skill_id, training_level) VALUES ( 11,  1, 11, 'N');
INSERT INTO kits_skills (id, kit_id, skill_id, training_level) VALUES ( 12,  1, 12, 'N');
INSERT INTO kits_skills (id, kit_id, skill_id, training_level) VALUES ( 13,  1, 13, 'T');
INSERT INTO kits_skills (id, kit_id, skill_id, training_level) VALUES ( 14,  1, 14, 'T');
INSERT INTO kits_skills (id, kit_id, skill_id, training_level) VALUES ( 15,  1, 15, 'N');
INSERT INTO kits_skills (id, kit_id, skill_id, training_level) VALUES ( 16,  1, 16, 'N');
INSERT INTO kits_skills (id, kit_id, skill_id, training_level) VALUES ( 17,  1, 17, 'T');
INSERT INTO kits_skills (id, kit_id, skill_id, training_level) VALUES ( 18,  1, 18, 'N');
INSERT INTO kits_skills (id, kit_id, skill_id, training_level) VALUES ( 19,  1, 19, 'N');
INSERT INTO kits_skills (id, kit_id, skill_id, training_level) VALUES ( 20,  1, 20, 'N');
INSERT INTO kits_skills (id, kit_id, skill_id, training_level) VALUES ( 21,  1, 21, 'N');
INSERT INTO kits_skills (id, kit_id, skill_id, training_level) VALUES ( 22,  1, 22, 'N');
INSERT INTO kits_skills (id, kit_id, skill_id, training_level) VALUES ( 23,  1, 23, 'N');
INSERT INTO kits_skills (id, kit_id, skill_id, training_level) VALUES ( 24,  1, 24, 'T');
INSERT INTO kits_skills (id, kit_id, skill_id, training_level) VALUES ( 25,  1, 25, 'T');
INSERT INTO kits_skills (id, kit_id, skill_id, training_level) VALUES ( 26,  1, 26, 'N');
INSERT INTO kits_skills (id, kit_id, skill_id, training_level) VALUES ( 27,  1, 27, 'T');
INSERT INTO kits_skills (id, kit_id, skill_id, training_level) VALUES ( 28,  1, 28, 'N');
INSERT INTO kits_skills (id, kit_id, skill_id, training_level) VALUES ( 29,  1, 29, 'T');
INSERT INTO kits_skills (id, kit_id, skill_id, training_level) VALUES ( 30,  1, 30, 'N');
INSERT INTO kits_skills (id, kit_id, skill_id, training_level) VALUES ( 31,  1, 31, 'N');
INSERT INTO kits_skills (id, kit_id, skill_id, training_level) VALUES ( 32,  1, 32, 'N');
INSERT INTO kits_skills (id, kit_id, skill_id, training_level) VALUES ( 33,  1, 33, 'N');
INSERT INTO kits_skills (id, kit_id, skill_id, training_level) VALUES ( 34,  1, 34, 'T');
INSERT INTO kits_skills (id, kit_id, skill_id, training_level) VALUES ( 35,  1, 35, 'N');
INSERT INTO kits_skills (id, kit_id, skill_id, training_level) VALUES ( 36,  2,  1, 'N');
INSERT INTO kits_skills (id, kit_id, skill_id, training_level) VALUES ( 37,  2,  2, 'T');
INSERT INTO kits_skills (id, kit_id, skill_id, training_level) VALUES ( 38,  2,  3, 'T');
INSERT INTO kits_skills (id, kit_id, skill_id, training_level) VALUES ( 39,  2,  4, 'T');
INSERT INTO kits_skills (id, kit_id, skill_id, training_level) VALUES ( 40,  2,  5, 'N');
INSERT INTO kits_skills (id, kit_id, skill_id, training_level) VALUES ( 41,  2,  6, 'N');
INSERT INTO kits_skills (id, kit_id, skill_id, training_level) VALUES ( 42,  2,  7, 'N');
INSERT INTO kits_skills (id, kit_id, skill_id, training_level) VALUES ( 43,  2,  8, 'N');
INSERT INTO kits_skills (id, kit_id, skill_id, training_level) VALUES ( 44,  2,  9, 'N');
INSERT INTO kits_skills (id, kit_id, skill_id, training_level) VALUES ( 45,  2, 10, 'N');
INSERT INTO kits_skills (id, kit_id, skill_id, training_level) VALUES ( 46,  2, 11, 'N');
INSERT INTO kits_skills (id, kit_id, skill_id, training_level) VALUES ( 47,  2, 12, 'T');
INSERT INTO kits_skills (id, kit_id, skill_id, training_level) VALUES ( 48,  2, 13, 'N');
INSERT INTO kits_skills (id, kit_id, skill_id, training_level) VALUES ( 49,  2, 14, 'N');
INSERT INTO kits_skills (id, kit_id, skill_id, training_level) VALUES ( 50,  2, 15, 'N');
INSERT INTO kits_skills (id, kit_id, skill_id, training_level) VALUES ( 51,  2, 16, 'N');
INSERT INTO kits_skills (id, kit_id, skill_id, training_level) VALUES ( 52,  2, 17, 'N');
INSERT INTO kits_skills (id, kit_id, skill_id, training_level) VALUES ( 53,  2, 18, 'T');
INSERT INTO kits_skills (id, kit_id, skill_id, training_level) VALUES ( 54,  2, 19, 'T');
INSERT INTO kits_skills (id, kit_id, skill_id, training_level) VALUES ( 55,  2, 20, 'N');
INSERT INTO kits_skills (id, kit_id, skill_id, training_level) VALUES ( 56,  2, 21, 'N');
INSERT INTO kits_skills (id, kit_id, skill_id, training_level) VALUES ( 57,  2, 22, 'N');
INSERT INTO kits_skills (id, kit_id, skill_id, training_level) VALUES ( 58,  2, 23, 'N');
INSERT INTO kits_skills (id, kit_id, skill_id, training_level) VALUES ( 59,  2, 24, 'T');
INSERT INTO kits_skills (id, kit_id, skill_id, training_level) VALUES ( 60,  2, 25, 'N');
INSERT INTO kits_skills (id, kit_id, skill_id, training_level) VALUES ( 61,  2, 26, 'N');
INSERT INTO kits_skills (id, kit_id, skill_id, training_level) VALUES ( 62,  2, 27, 'N');
INSERT INTO kits_skills (id, kit_id, skill_id, training_level) VALUES ( 63,  2, 28, 'T');
INSERT INTO kits_skills (id, kit_id, skill_id, training_level) VALUES ( 64,  2, 29, 'T');
INSERT INTO kits_skills (id, kit_id, skill_id, training_level) VALUES ( 65,  2, 30, 'E');
INSERT INTO kits_skills (id, kit_id, skill_id, training_level) VALUES ( 66,  2, 31, 'E');
INSERT INTO kits_skills (id, kit_id, skill_id, training_level) VALUES ( 67,  2, 32, 'T');
INSERT INTO kits_skills (id, kit_id, skill_id, training_level) VALUES ( 68,  2, 33, 'N');
INSERT INTO kits_skills (id, kit_id, skill_id, training_level) VALUES ( 69,  2, 34, 'N');
INSERT INTO kits_skills (id, kit_id, skill_id, training_level) VALUES ( 70,  2, 35, 'N');
INSERT INTO kits_skills (id, kit_id, skill_id, training_level) VALUES ( 71,  3,  1, 'N');
INSERT INTO kits_skills (id, kit_id, skill_id, training_level) VALUES ( 72,  3,  2, 'T');
INSERT INTO kits_skills (id, kit_id, skill_id, training_level) VALUES ( 73,  3,  3, 'T');
INSERT INTO kits_skills (id, kit_id, skill_id, training_level) VALUES ( 74,  3,  4, 'T');
INSERT INTO kits_skills (id, kit_id, skill_id, training_level) VALUES ( 75,  3,  5, 'T');
INSERT INTO kits_skills (id, kit_id, skill_id, training_level) VALUES ( 76,  3,  6, 'N');
INSERT INTO kits_skills (id, kit_id, skill_id, training_level) VALUES ( 77,  3,  7, 'N');
INSERT INTO kits_skills (id, kit_id, skill_id, training_level) VALUES ( 78,  3,  8, 'N');
INSERT INTO kits_skills (id, kit_id, skill_id, training_level) VALUES ( 79,  3,  9, 'N');
INSERT INTO kits_skills (id, kit_id, skill_id, training_level) VALUES ( 80,  3, 10, 'N');
INSERT INTO kits_skills (id, kit_id, skill_id, training_level) VALUES ( 81,  3, 11, 'N');
INSERT INTO kits_skills (id, kit_id, skill_id, training_level) VALUES ( 82,  3, 12, 'N');
INSERT INTO kits_skills (id, kit_id, skill_id, training_level) VALUES ( 83,  3, 13, 'N');
INSERT INTO kits_skills (id, kit_id, skill_id, training_level) VALUES ( 84,  3, 14, 'N');
INSERT INTO kits_skills (id, kit_id, skill_id, training_level) VALUES ( 85,  3, 15, 'N');
INSERT INTO kits_skills (id, kit_id, skill_id, training_level) VALUES ( 86,  3, 16, 'N');
INSERT INTO kits_skills (id, kit_id, skill_id, training_level) VALUES ( 87,  3, 17, 'T');
INSERT INTO kits_skills (id, kit_id, skill_id, training_level) VALUES ( 88,  3, 18, 'T');
INSERT INTO kits_skills (id, kit_id, skill_id, training_level) VALUES ( 89,  3, 19, 'T');
INSERT INTO kits_skills (id, kit_id, skill_id, training_level) VALUES ( 90,  3, 20, 'N');
INSERT INTO kits_skills (id, kit_id, skill_id, training_level) VALUES ( 91,  3, 21, 'N');
INSERT INTO kits_skills (id, kit_id, skill_id, training_level) VALUES ( 92,  3, 22, 'N');
INSERT INTO kits_skills (id, kit_id, skill_id, training_level) VALUES ( 93,  3, 23, 'N');
INSERT INTO kits_skills (id, kit_id, skill_id, training_level) VALUES ( 94,  3, 24, 'T');
INSERT INTO kits_skills (id, kit_id, skill_id, training_level) VALUES ( 95,  3, 25, 'N');
INSERT INTO kits_skills (id, kit_id, skill_id, training_level) VALUES ( 96,  3, 26, 'N');
INSERT INTO kits_skills (id, kit_id, skill_id, training_level) VALUES ( 97,  3, 27, 'N');
INSERT INTO kits_skills (id, kit_id, skill_id, training_level) VALUES ( 98,  3, 28, 'T');
INSERT INTO kits_skills (id, kit_id, skill_id, training_level) VALUES ( 99,  3, 29, 'N');
INSERT INTO kits_skills (id, kit_id, skill_id, training_level) VALUES (100,  3, 30, 'N');
INSERT INTO kits_skills (id, kit_id, skill_id, training_level) VALUES (101,  3, 31, 'N');
INSERT INTO kits_skills (id, kit_id, skill_id, training_level) VALUES (102,  3, 32, 'N');
INSERT INTO kits_skills (id, kit_id, skill_id, training_level) VALUES (103,  3, 33, 'E');
INSERT INTO kits_skills (id, kit_id, skill_id, training_level) VALUES (104,  3, 34, 'T');
INSERT INTO kits_skills (id, kit_id, skill_id, training_level) VALUES (105,  3, 35, 'E');
INSERT INTO kits_skills (id, kit_id, skill_id, training_level) VALUES (106,  4,  1, 'N');
INSERT INTO kits_skills (id, kit_id, skill_id, training_level) VALUES (107,  4,  2, 'T');
INSERT INTO kits_skills (id, kit_id, skill_id, training_level) VALUES (108,  4,  3, 'T');
INSERT INTO kits_skills (id, kit_id, skill_id, training_level) VALUES (109,  4,  4, 'E');
INSERT INTO kits_skills (id, kit_id, skill_id, training_level) VALUES (110,  4,  5, 'T');
INSERT INTO kits_skills (id, kit_id, skill_id, training_level) VALUES (111,  4,  6, 'T');
INSERT INTO kits_skills (id, kit_id, skill_id, training_level) VALUES (112,  4,  7, 'N');
INSERT INTO kits_skills (id, kit_id, skill_id, training_level) VALUES (113,  4,  8, 'N');
INSERT INTO kits_skills (id, kit_id, skill_id, training_level) VALUES (114,  4,  9, 'N');
INSERT INTO kits_skills (id, kit_id, skill_id, training_level) VALUES (115,  4, 10, 'N');
INSERT INTO kits_skills (id, kit_id, skill_id, training_level) VALUES (116,  4, 11, 'N');
INSERT INTO kits_skills (id, kit_id, skill_id, training_level) VALUES (117,  4, 12, 'T');
INSERT INTO kits_skills (id, kit_id, skill_id, training_level) VALUES (118,  4, 13, 'T');
INSERT INTO kits_skills (id, kit_id, skill_id, training_level) VALUES (119,  4, 14, 'N');
INSERT INTO kits_skills (id, kit_id, skill_id, training_level) VALUES (120,  4, 15, 'N');
INSERT INTO kits_skills (id, kit_id, skill_id, training_level) VALUES (121,  4, 16, 'N');
INSERT INTO kits_skills (id, kit_id, skill_id, training_level) VALUES (122,  4, 17, 'T');
INSERT INTO kits_skills (id, kit_id, skill_id, training_level) VALUES (123,  4, 18, 'T');
INSERT INTO kits_skills (id, kit_id, skill_id, training_level) VALUES (124,  4, 19, 'N');
INSERT INTO kits_skills (id, kit_id, skill_id, training_level) VALUES (125,  4, 20, 'N');
INSERT INTO kits_skills (id, kit_id, skill_id, training_level) VALUES (126,  4, 21, 'N');
INSERT INTO kits_skills (id, kit_id, skill_id, training_level) VALUES (127,  4, 22, 'N');
INSERT INTO kits_skills (id, kit_id, skill_id, training_level) VALUES (128,  4, 23, 'N');
INSERT INTO kits_skills (id, kit_id, skill_id, training_level) VALUES (129,  4, 24, 'N');
INSERT INTO kits_skills (id, kit_id, skill_id, training_level) VALUES (130,  4, 25, 'N');
INSERT INTO kits_skills (id, kit_id, skill_id, training_level) VALUES (131,  4, 26, 'T');
INSERT INTO kits_skills (id, kit_id, skill_id, training_level) VALUES (132,  4, 27, 'N');
INSERT INTO kits_skills (id, kit_id, skill_id, training_level) VALUES (133,  4, 28, 'N');
INSERT INTO kits_skills (id, kit_id, skill_id, training_level) VALUES (134,  4, 29, 'N');
INSERT INTO kits_skills (id, kit_id, skill_id, training_level) VALUES (135,  4, 30, 'N');
INSERT INTO kits_skills (id, kit_id, skill_id, training_level) VALUES (136,  4, 31, 'N');
INSERT INTO kits_skills (id, kit_id, skill_id, training_level) VALUES (137,  4, 32, 'N');
INSERT INTO kits_skills (id, kit_id, skill_id, training_level) VALUES (138,  4, 33, 'E');
INSERT INTO kits_skills (id, kit_id, skill_id, training_level) VALUES (139,  4, 34, 'T');
INSERT INTO kits_skills (id, kit_id, skill_id, training_level) VALUES (140,  4, 35, 'N');
INSERT INTO kits_skills (id, kit_id, skill_id, training_level) VALUES (141,  5,  1, 'N');
INSERT INTO kits_skills (id, kit_id, skill_id, training_level) VALUES (142,  5,  2, 'T');
INSERT INTO kits_skills (id, kit_id, skill_id, training_level) VALUES (143,  5,  3, 'E');
INSERT INTO kits_skills (id, kit_id, skill_id, training_level) VALUES (144,  5,  4, 'N');
INSERT INTO kits_skills (id, kit_id, skill_id, training_level) VALUES (145,  5,  5, 'N');
INSERT INTO kits_skills (id, kit_id, skill_id, training_level) VALUES (146,  5,  6, 'E');
INSERT INTO kits_skills (id, kit_id, skill_id, training_level) VALUES (147,  5,  7, 'T');
INSERT INTO kits_skills (id, kit_id, skill_id, training_level) VALUES (148,  5,  8, 'N');
INSERT INTO kits_skills (id, kit_id, skill_id, training_level) VALUES (149,  5,  9, 'N');
INSERT INTO kits_skills (id, kit_id, skill_id, training_level) VALUES (150,  5, 10, 'N');
INSERT INTO kits_skills (id, kit_id, skill_id, training_level) VALUES (151,  5, 11, 'N');
INSERT INTO kits_skills (id, kit_id, skill_id, training_level) VALUES (152,  5, 12, 'T');
INSERT INTO kits_skills (id, kit_id, skill_id, training_level) VALUES (153,  5, 13, 'T');
INSERT INTO kits_skills (id, kit_id, skill_id, training_level) VALUES (154,  5, 14, 'T');
INSERT INTO kits_skills (id, kit_id, skill_id, training_level) VALUES (155,  5, 15, 'N');
INSERT INTO kits_skills (id, kit_id, skill_id, training_level) VALUES (156,  5, 16, 'N');
INSERT INTO kits_skills (id, kit_id, skill_id, training_level) VALUES (157,  5, 17, 'T');
INSERT INTO kits_skills (id, kit_id, skill_id, training_level) VALUES (158,  5, 18, 'T');
INSERT INTO kits_skills (id, kit_id, skill_id, training_level) VALUES (159,  5, 19, 'N');
INSERT INTO kits_skills (id, kit_id, skill_id, training_level) VALUES (160,  5, 20, 'N');
INSERT INTO kits_skills (id, kit_id, skill_id, training_level) VALUES (161,  5, 21, 'N');
INSERT INTO kits_skills (id, kit_id, skill_id, training_level) VALUES (162,  5, 22, 'T');
INSERT INTO kits_skills (id, kit_id, skill_id, training_level) VALUES (163,  5, 23, 'N');
INSERT INTO kits_skills (id, kit_id, skill_id, training_level) VALUES (164,  5, 24, 'T');
INSERT INTO kits_skills (id, kit_id, skill_id, training_level) VALUES (165,  5, 25, 'N');
INSERT INTO kits_skills (id, kit_id, skill_id, training_level) VALUES (166,  5, 26, 'T');
INSERT INTO kits_skills (id, kit_id, skill_id, training_level) VALUES (167,  5, 27, 'N');
INSERT INTO kits_skills (id, kit_id, skill_id, training_level) VALUES (168,  5, 28, 'N');
INSERT INTO kits_skills (id, kit_id, skill_id, training_level) VALUES (169,  5, 29, 'N');
INSERT INTO kits_skills (id, kit_id, skill_id, training_level) VALUES (170,  5, 30, 'N');
INSERT INTO kits_skills (id, kit_id, skill_id, training_level) VALUES (171,  5, 31, 'N');
INSERT INTO kits_skills (id, kit_id, skill_id, training_level) VALUES (172,  5, 32, 'N');
INSERT INTO kits_skills (id, kit_id, skill_id, training_level) VALUES (173,  5, 33, 'N');
INSERT INTO kits_skills (id, kit_id, skill_id, training_level) VALUES (174,  5, 34, 'N');
INSERT INTO kits_skills (id, kit_id, skill_id, training_level) VALUES (175,  5, 35, 'N');
INSERT INTO kits_skills (id, kit_id, skill_id, training_level) VALUES (176,  6,  1, 'N');
INSERT INTO kits_skills (id, kit_id, skill_id, training_level) VALUES (177,  6,  2, 'T');
INSERT INTO kits_skills (id, kit_id, skill_id, training_level) VALUES (178,  6,  3, 'E');
INSERT INTO kits_skills (id, kit_id, skill_id, training_level) VALUES (179,  6,  4, 'E');
INSERT INTO kits_skills (id, kit_id, skill_id, training_level) VALUES (180,  6,  5, 'N');
INSERT INTO kits_skills (id, kit_id, skill_id, training_level) VALUES (181,  6,  6, 'T');
INSERT INTO kits_skills (id, kit_id, skill_id, training_level) VALUES (182,  6,  7, 'T');
INSERT INTO kits_skills (id, kit_id, skill_id, training_level) VALUES (183,  6,  8, 'N');
INSERT INTO kits_skills (id, kit_id, skill_id, training_level) VALUES (184,  6,  9, 'N');
INSERT INTO kits_skills (id, kit_id, skill_id, training_level) VALUES (185,  6, 10, 'T');
INSERT INTO kits_skills (id, kit_id, skill_id, training_level) VALUES (186,  6, 11, 'N');
INSERT INTO kits_skills (id, kit_id, skill_id, training_level) VALUES (187,  6, 12, 'T');
INSERT INTO kits_skills (id, kit_id, skill_id, training_level) VALUES (188,  6, 13, 'N');
INSERT INTO kits_skills (id, kit_id, skill_id, training_level) VALUES (189,  6, 14, 'N');
INSERT INTO kits_skills (id, kit_id, skill_id, training_level) VALUES (190,  6, 15, 'N');
INSERT INTO kits_skills (id, kit_id, skill_id, training_level) VALUES (191,  6, 16, 'N');
INSERT INTO kits_skills (id, kit_id, skill_id, training_level) VALUES (192,  6, 17, 'N');
INSERT INTO kits_skills (id, kit_id, skill_id, training_level) VALUES (193,  6, 18, 'T');
INSERT INTO kits_skills (id, kit_id, skill_id, training_level) VALUES (194,  6, 19, 'T');
INSERT INTO kits_skills (id, kit_id, skill_id, training_level) VALUES (195,  6, 20, 'N');
INSERT INTO kits_skills (id, kit_id, skill_id, training_level) VALUES (196,  6, 21, 'N');
INSERT INTO kits_skills (id, kit_id, skill_id, training_level) VALUES (197,  6, 22, 'T');
INSERT INTO kits_skills (id, kit_id, skill_id, training_level) VALUES (198,  6, 23, 'N');
INSERT INTO kits_skills (id, kit_id, skill_id, training_level) VALUES (199,  6, 24, 'T');
INSERT INTO kits_skills (id, kit_id, skill_id, training_level) VALUES (200,  6, 25, 'N');
INSERT INTO kits_skills (id, kit_id, skill_id, training_level) VALUES (201,  6, 26, 'N');
INSERT INTO kits_skills (id, kit_id, skill_id, training_level) VALUES (202,  6, 27, 'N');
INSERT INTO kits_skills (id, kit_id, skill_id, training_level) VALUES (203,  6, 28, 'N');
INSERT INTO kits_skills (id, kit_id, skill_id, training_level) VALUES (204,  6, 29, 'N');
INSERT INTO kits_skills (id, kit_id, skill_id, training_level) VALUES (205,  6, 30, 'N');
INSERT INTO kits_skills (id, kit_id, skill_id, training_level) VALUES (206,  6, 31, 'T');
INSERT INTO kits_skills (id, kit_id, skill_id, training_level) VALUES (207,  6, 32, 'N');
INSERT INTO kits_skills (id, kit_id, skill_id, training_level) VALUES (208,  6, 33, 'T');
INSERT INTO kits_skills (id, kit_id, skill_id, training_level) VALUES (209,  6, 34, 'N');
INSERT INTO kits_skills (id, kit_id, skill_id, training_level) VALUES (210,  6, 35, 'N');
INSERT INTO kits_skills (id, kit_id, skill_id, training_level) VALUES (211,  7,  1, 'N');
INSERT INTO kits_skills (id, kit_id, skill_id, training_level) VALUES (212,  7,  2, 'T');
INSERT INTO kits_skills (id, kit_id, skill_id, training_level) VALUES (213,  7,  3, 'E');
INSERT INTO kits_skills (id, kit_id, skill_id, training_level) VALUES (214,  7,  4, 'N');
INSERT INTO kits_skills (id, kit_id, skill_id, training_level) VALUES (215,  7,  5, 'N');
INSERT INTO kits_skills (id, kit_id, skill_id, training_level) VALUES (216,  7,  6, 'N');
INSERT INTO kits_skills (id, kit_id, skill_id, training_level) VALUES (217,  7,  7, 'N');
INSERT INTO kits_skills (id, kit_id, skill_id, training_level) VALUES (218,  7,  8, 'N');
INSERT INTO kits_skills (id, kit_id, skill_id, training_level) VALUES (219,  7,  9, 'N');
INSERT INTO kits_skills (id, kit_id, skill_id, training_level) VALUES (220,  7, 10, 'N');
INSERT INTO kits_skills (id, kit_id, skill_id, training_level) VALUES (221,  7, 11, 'N');
INSERT INTO kits_skills (id, kit_id, skill_id, training_level) VALUES (222,  7, 12, 'T');
INSERT INTO kits_skills (id, kit_id, skill_id, training_level) VALUES (223,  7, 13, 'N');
INSERT INTO kits_skills (id, kit_id, skill_id, training_level) VALUES (224,  7, 14, 'N');
INSERT INTO kits_skills (id, kit_id, skill_id, training_level) VALUES (225,  7, 15, 'N');
INSERT INTO kits_skills (id, kit_id, skill_id, training_level) VALUES (226,  7, 16, 'N');
INSERT INTO kits_skills (id, kit_id, skill_id, training_level) VALUES (227,  7, 17, 'T');
INSERT INTO kits_skills (id, kit_id, skill_id, training_level) VALUES (228,  7, 18, 'N');
INSERT INTO kits_skills (id, kit_id, skill_id, training_level) VALUES (229,  7, 19, 'T');
INSERT INTO kits_skills (id, kit_id, skill_id, training_level) VALUES (230,  7, 20, 'T');
INSERT INTO kits_skills (id, kit_id, skill_id, training_level) VALUES (231,  7, 21, 'N');
INSERT INTO kits_skills (id, kit_id, skill_id, training_level) VALUES (232,  7, 22, 'N');
INSERT INTO kits_skills (id, kit_id, skill_id, training_level) VALUES (233,  7, 23, 'N');
INSERT INTO kits_skills (id, kit_id, skill_id, training_level) VALUES (234,  7, 24, 'T');
INSERT INTO kits_skills (id, kit_id, skill_id, training_level) VALUES (235,  7, 25, 'N');
INSERT INTO kits_skills (id, kit_id, skill_id, training_level) VALUES (236,  7, 26, 'T');
INSERT INTO kits_skills (id, kit_id, skill_id, training_level) VALUES (237,  7, 27, 'N');
INSERT INTO kits_skills (id, kit_id, skill_id, training_level) VALUES (238,  7, 28, 'N');
INSERT INTO kits_skills (id, kit_id, skill_id, training_level) VALUES (239,  7, 29, 'N');
INSERT INTO kits_skills (id, kit_id, skill_id, training_level) VALUES (240,  7, 30, 'N');
INSERT INTO kits_skills (id, kit_id, skill_id, training_level) VALUES (241,  7, 31, 'N');
INSERT INTO kits_skills (id, kit_id, skill_id, training_level) VALUES (242,  7, 32, 'N');
INSERT INTO kits_skills (id, kit_id, skill_id, training_level) VALUES (243,  7, 33, 'E');
INSERT INTO kits_skills (id, kit_id, skill_id, training_level) VALUES (244,  7, 34, 'T');
INSERT INTO kits_skills (id, kit_id, skill_id, training_level) VALUES (245,  7, 35, 'T');
INSERT INTO kits_skills (id, kit_id, skill_id, training_level) VALUES (246,  8,  1, 'N');
INSERT INTO kits_skills (id, kit_id, skill_id, training_level) VALUES (247,  8,  2, 'T');
INSERT INTO kits_skills (id, kit_id, skill_id, training_level) VALUES (248,  8,  3, 'N');
INSERT INTO kits_skills (id, kit_id, skill_id, training_level) VALUES (249,  8,  4, 'N');
INSERT INTO kits_skills (id, kit_id, skill_id, training_level) VALUES (250,  8,  5, 'T');
INSERT INTO kits_skills (id, kit_id, skill_id, training_level) VALUES (251,  8,  6, 'N');
INSERT INTO kits_skills (id, kit_id, skill_id, training_level) VALUES (252,  8,  7, 'N');
INSERT INTO kits_skills (id, kit_id, skill_id, training_level) VALUES (253,  8,  8, 'N');
INSERT INTO kits_skills (id, kit_id, skill_id, training_level) VALUES (254,  8,  9, 'T');
INSERT INTO kits_skills (id, kit_id, skill_id, training_level) VALUES (255,  8, 10, 'N');
INSERT INTO kits_skills (id, kit_id, skill_id, training_level) VALUES (256,  8, 11, 'T');
INSERT INTO kits_skills (id, kit_id, skill_id, training_level) VALUES (257,  8, 12, 'T');
INSERT INTO kits_skills (id, kit_id, skill_id, training_level) VALUES (258,  8, 13, 'N');
INSERT INTO kits_skills (id, kit_id, skill_id, training_level) VALUES (259,  8, 14, 'N');
INSERT INTO kits_skills (id, kit_id, skill_id, training_level) VALUES (260,  8, 15, 'N');
INSERT INTO kits_skills (id, kit_id, skill_id, training_level) VALUES (261,  8, 16, 'N');
INSERT INTO kits_skills (id, kit_id, skill_id, training_level) VALUES (262,  8, 17, 'T');
INSERT INTO kits_skills (id, kit_id, skill_id, training_level) VALUES (263,  8, 18, 'N');
INSERT INTO kits_skills (id, kit_id, skill_id, training_level) VALUES (264,  8, 19, 'T');
INSERT INTO kits_skills (id, kit_id, skill_id, training_level) VALUES (265,  8, 20, 'T');
INSERT INTO kits_skills (id, kit_id, skill_id, training_level) VALUES (266,  8, 21, 'N');
INSERT INTO kits_skills (id, kit_id, skill_id, training_level) VALUES (267,  8, 22, 'N');
INSERT INTO kits_skills (id, kit_id, skill_id, training_level) VALUES (268,  8, 23, 'N');
INSERT INTO kits_skills (id, kit_id, skill_id, training_level) VALUES (269,  8, 24, 'T');
INSERT INTO kits_skills (id, kit_id, skill_id, training_level) VALUES (270,  8, 25, 'N');
INSERT INTO kits_skills (id, kit_id, skill_id, training_level) VALUES (271,  8, 26, 'N');
INSERT INTO kits_skills (id, kit_id, skill_id, training_level) VALUES (272,  8, 27, 'N');
INSERT INTO kits_skills (id, kit_id, skill_id, training_level) VALUES (273,  8, 28, 'N');
INSERT INTO kits_skills (id, kit_id, skill_id, training_level) VALUES (274,  8, 29, 'N');
INSERT INTO kits_skills (id, kit_id, skill_id, training_level) VALUES (275,  8, 30, 'N');
INSERT INTO kits_skills (id, kit_id, skill_id, training_level) VALUES (276,  8, 31, 'N');
INSERT INTO kits_skills (id, kit_id, skill_id, training_level) VALUES (277,  8, 32, 'N');
INSERT INTO kits_skills (id, kit_id, skill_id, training_level) VALUES (278,  8, 33, 'E');
INSERT INTO kits_skills (id, kit_id, skill_id, training_level) VALUES (279,  8, 34, 'E');
INSERT INTO kits_skills (id, kit_id, skill_id, training_level) VALUES (280,  8, 35, 'T');
INSERT INTO kits_skills (id, kit_id, skill_id, training_level) VALUES (281,  9,  1, 'N');
INSERT INTO kits_skills (id, kit_id, skill_id, training_level) VALUES (282,  9,  2, 'T');
INSERT INTO kits_skills (id, kit_id, skill_id, training_level) VALUES (283,  9,  3, 'N');
INSERT INTO kits_skills (id, kit_id, skill_id, training_level) VALUES (284,  9,  4, 'N');
INSERT INTO kits_skills (id, kit_id, skill_id, training_level) VALUES (285,  9,  5, 'N');
INSERT INTO kits_skills (id, kit_id, skill_id, training_level) VALUES (286,  9,  6, 'T');
INSERT INTO kits_skills (id, kit_id, skill_id, training_level) VALUES (287,  9,  7, 'E');
INSERT INTO kits_skills (id, kit_id, skill_id, training_level) VALUES (288,  9,  8, 'N');
INSERT INTO kits_skills (id, kit_id, skill_id, training_level) VALUES (289,  9,  9, 'N');
INSERT INTO kits_skills (id, kit_id, skill_id, training_level) VALUES (290,  9, 10, 'N');
INSERT INTO kits_skills (id, kit_id, skill_id, training_level) VALUES (291,  9, 11, 'T');
INSERT INTO kits_skills (id, kit_id, skill_id, training_level) VALUES (292,  9, 12, 'T');
INSERT INTO kits_skills (id, kit_id, skill_id, training_level) VALUES (293,  9, 13, 'N');
INSERT INTO kits_skills (id, kit_id, skill_id, training_level) VALUES (294,  9, 14, 'N');
INSERT INTO kits_skills (id, kit_id, skill_id, training_level) VALUES (295,  9, 15, 'T');
INSERT INTO kits_skills (id, kit_id, skill_id, training_level) VALUES (296,  9, 16, 'N');
INSERT INTO kits_skills (id, kit_id, skill_id, training_level) VALUES (297,  9, 17, 'N');
INSERT INTO kits_skills (id, kit_id, skill_id, training_level) VALUES (298,  9, 18, 'N');
INSERT INTO kits_skills (id, kit_id, skill_id, training_level) VALUES (299,  9, 19, 'N');
INSERT INTO kits_skills (id, kit_id, skill_id, training_level) VALUES (300,  9, 20, 'N');
INSERT INTO kits_skills (id, kit_id, skill_id, training_level) VALUES (301,  9, 21, 'N');
INSERT INTO kits_skills (id, kit_id, skill_id, training_level) VALUES (302,  9, 22, 'T');
INSERT INTO kits_skills (id, kit_id, skill_id, training_level) VALUES (303,  9, 23, 'T');
INSERT INTO kits_skills (id, kit_id, skill_id, training_level) VALUES (304,  9, 24, 'T');
INSERT INTO kits_skills (id, kit_id, skill_id, training_level) VALUES (305,  9, 25, 'N');
INSERT INTO kits_skills (id, kit_id, skill_id, training_level) VALUES (306,  9, 26, 'T');
INSERT INTO kits_skills (id, kit_id, skill_id, training_level) VALUES (307,  9, 27, 'N');
INSERT INTO kits_skills (id, kit_id, skill_id, training_level) VALUES (308,  9, 28, 'T');
INSERT INTO kits_skills (id, kit_id, skill_id, training_level) VALUES (309,  9, 29, 'N');
INSERT INTO kits_skills (id, kit_id, skill_id, training_level) VALUES (310,  9, 30, 'N');
INSERT INTO kits_skills (id, kit_id, skill_id, training_level) VALUES (311,  9, 31, 'N');
INSERT INTO kits_skills (id, kit_id, skill_id, training_level) VALUES (312,  9, 32, 'N');
INSERT INTO kits_skills (id, kit_id, skill_id, training_level) VALUES (313,  9, 33, 'E');
INSERT INTO kits_skills (id, kit_id, skill_id, training_level) VALUES (314,  9, 34, 'N');
INSERT INTO kits_skills (id, kit_id, skill_id, training_level) VALUES (315,  9, 35, 'N');
INSERT INTO kits_skills (id, kit_id, skill_id, training_level) VALUES (316, 10,  1, 'N');
INSERT INTO kits_skills (id, kit_id, skill_id, training_level) VALUES (317, 10,  2, 'T');
INSERT INTO kits_skills (id, kit_id, skill_id, training_level) VALUES (318, 10,  3, 'E');
INSERT INTO kits_skills (id, kit_id, skill_id, training_level) VALUES (319, 10,  4, 'E');
INSERT INTO kits_skills (id, kit_id, skill_id, training_level) VALUES (320, 10,  5, 'N');
INSERT INTO kits_skills (id, kit_id, skill_id, training_level) VALUES (321, 10,  6, 'T');
INSERT INTO kits_skills (id, kit_id, skill_id, training_level) VALUES (322, 10,  7, 'N');
INSERT INTO kits_skills (id, kit_id, skill_id, training_level) VALUES (323, 10,  8, 'N');
INSERT INTO kits_skills (id, kit_id, skill_id, training_level) VALUES (324, 10,  9, 'N');
INSERT INTO kits_skills (id, kit_id, skill_id, training_level) VALUES (325, 10, 10, 'N');
INSERT INTO kits_skills (id, kit_id, skill_id, training_level) VALUES (326, 10, 11, 'T');
INSERT INTO kits_skills (id, kit_id, skill_id, training_level) VALUES (327, 10, 12, 'E');
INSERT INTO kits_skills (id, kit_id, skill_id, training_level) VALUES (328, 10, 13, 'N');
INSERT INTO kits_skills (id, kit_id, skill_id, training_level) VALUES (329, 10, 14, 'T');
INSERT INTO kits_skills (id, kit_id, skill_id, training_level) VALUES (330, 10, 15, 'N');
INSERT INTO kits_skills (id, kit_id, skill_id, training_level) VALUES (331, 10, 16, 'N');
INSERT INTO kits_skills (id, kit_id, skill_id, training_level) VALUES (332, 10, 17, 'N');
INSERT INTO kits_skills (id, kit_id, skill_id, training_level) VALUES (333, 10, 18, 'T');
INSERT INTO kits_skills (id, kit_id, skill_id, training_level) VALUES (334, 10, 19, 'T');
INSERT INTO kits_skills (id, kit_id, skill_id, training_level) VALUES (335, 10, 20, 'N');
INSERT INTO kits_skills (id, kit_id, skill_id, training_level) VALUES (336, 10, 21, 'N');
INSERT INTO kits_skills (id, kit_id, skill_id, training_level) VALUES (337, 10, 22, 'T');
INSERT INTO kits_skills (id, kit_id, skill_id, training_level) VALUES (338, 10, 23, 'N');
INSERT INTO kits_skills (id, kit_id, skill_id, training_level) VALUES (339, 10, 24, 'T');
INSERT INTO kits_skills (id, kit_id, skill_id, training_level) VALUES (340, 10, 25, 'N');
INSERT INTO kits_skills (id, kit_id, skill_id, training_level) VALUES (341, 10, 26, 'T');
INSERT INTO kits_skills (id, kit_id, skill_id, training_level) VALUES (342, 10, 27, 'N');
INSERT INTO kits_skills (id, kit_id, skill_id, training_level) VALUES (343, 10, 28, 'T');
INSERT INTO kits_skills (id, kit_id, skill_id, training_level) VALUES (344, 10, 29, 'N');
INSERT INTO kits_skills (id, kit_id, skill_id, training_level) VALUES (345, 10, 30, 'N');
INSERT INTO kits_skills (id, kit_id, skill_id, training_level) VALUES (346, 10, 31, 'N');
INSERT INTO kits_skills (id, kit_id, skill_id, training_level) VALUES (347, 10, 32, 'N');
INSERT INTO kits_skills (id, kit_id, skill_id, training_level) VALUES (348, 10, 33, 'N');
INSERT INTO kits_skills (id, kit_id, skill_id, training_level) VALUES (349, 10, 34, 'N');
INSERT INTO kits_skills (id, kit_id, skill_id, training_level) VALUES (350, 10, 35, 'N');
INSERT INTO kits_skills (id, kit_id, skill_id, training_level) VALUES (351, 11,  1, 'N');
INSERT INTO kits_skills (id, kit_id, skill_id, training_level) VALUES (352, 11,  2, 'T');
INSERT INTO kits_skills (id, kit_id, skill_id, training_level) VALUES (353, 11,  3, 'T');
INSERT INTO kits_skills (id, kit_id, skill_id, training_level) VALUES (354, 11,  4, 'T');
INSERT INTO kits_skills (id, kit_id, skill_id, training_level) VALUES (355, 11,  5, 'N');
INSERT INTO kits_skills (id, kit_id, skill_id, training_level) VALUES (356, 11,  6, 'N');
INSERT INTO kits_skills (id, kit_id, skill_id, training_level) VALUES (357, 11,  7, 'N');
INSERT INTO kits_skills (id, kit_id, skill_id, training_level) VALUES (358, 11,  8, 'N');
INSERT INTO kits_skills (id, kit_id, skill_id, training_level) VALUES (359, 11,  9, 'N');
INSERT INTO kits_skills (id, kit_id, skill_id, training_level) VALUES (360, 11, 10, 'N');
INSERT INTO kits_skills (id, kit_id, skill_id, training_level) VALUES (361, 11, 11, 'N');
INSERT INTO kits_skills (id, kit_id, skill_id, training_level) VALUES (362, 11, 12, 'T');
INSERT INTO kits_skills (id, kit_id, skill_id, training_level) VALUES (363, 11, 13, 'E');
INSERT INTO kits_skills (id, kit_id, skill_id, training_level) VALUES (364, 11, 14, 'N');
INSERT INTO kits_skills (id, kit_id, skill_id, training_level) VALUES (365, 11, 15, 'N');
INSERT INTO kits_skills (id, kit_id, skill_id, training_level) VALUES (366, 11, 16, 'E');
INSERT INTO kits_skills (id, kit_id, skill_id, training_level) VALUES (367, 11, 17, 'T');
INSERT INTO kits_skills (id, kit_id, skill_id, training_level) VALUES (368, 11, 18, 'T');
INSERT INTO kits_skills (id, kit_id, skill_id, training_level) VALUES (369, 11, 19, 'T');
INSERT INTO kits_skills (id, kit_id, skill_id, training_level) VALUES (370, 11, 20, 'T');
INSERT INTO kits_skills (id, kit_id, skill_id, training_level) VALUES (371, 11, 21, 'N');
INSERT INTO kits_skills (id, kit_id, skill_id, training_level) VALUES (372, 11, 22, 'N');
INSERT INTO kits_skills (id, kit_id, skill_id, training_level) VALUES (373, 11, 23, 'N');
INSERT INTO kits_skills (id, kit_id, skill_id, training_level) VALUES (374, 11, 24, 'N');
INSERT INTO kits_skills (id, kit_id, skill_id, training_level) VALUES (375, 11, 25, 'E');
INSERT INTO kits_skills (id, kit_id, skill_id, training_level) VALUES (376, 11, 26, 'N');
INSERT INTO kits_skills (id, kit_id, skill_id, training_level) VALUES (377, 11, 27, 'N');
INSERT INTO kits_skills (id, kit_id, skill_id, training_level) VALUES (378, 11, 28, 'N');
INSERT INTO kits_skills (id, kit_id, skill_id, training_level) VALUES (379, 11, 29, 'T');
INSERT INTO kits_skills (id, kit_id, skill_id, training_level) VALUES (380, 11, 30, 'N');
INSERT INTO kits_skills (id, kit_id, skill_id, training_level) VALUES (381, 11, 31, 'T');
INSERT INTO kits_skills (id, kit_id, skill_id, training_level) VALUES (382, 11, 32, 'N');
INSERT INTO kits_skills (id, kit_id, skill_id, training_level) VALUES (383, 11, 33, 'N');
INSERT INTO kits_skills (id, kit_id, skill_id, training_level) VALUES (384, 11, 34, 'T');
INSERT INTO kits_skills (id, kit_id, skill_id, training_level) VALUES (385, 11, 35, 'N');

INSERT INTO magic_aspects (id, name) VALUES ( 1, 'Magia Pura');
INSERT INTO magic_aspects (id, name) VALUES ( 2, 'Energía');
INSERT INTO magic_aspects (id, name) VALUES ( 3, 'Aire');
INSERT INTO magic_aspects (id, name) VALUES ( 4, 'Fuego');
INSERT INTO magic_aspects (id, name) VALUES ( 5, 'Agua');
INSERT INTO magic_aspects (id, name) VALUES ( 6, 'Tierra');
INSERT INTO magic_aspects (id, name) VALUES ( 7, 'Vida');
INSERT INTO magic_aspects (id, name) VALUES ( 8, 'Luz');
INSERT INTO magic_aspects (id, name) VALUES ( 9, 'Tiempo');
INSERT INTO magic_aspects (id, name) VALUES (10, 'Espíritu');
INSERT INTO magic_aspects (id, name) VALUES (11, 'Bestias');
INSERT INTO magic_aspects (id, name) VALUES (12, 'Naturaleza');
INSERT INTO magic_aspects (id, name) VALUES (13, 'Mente');
INSERT INTO magic_aspects (id, name) VALUES (14, 'Muerte');
INSERT INTO magic_aspects (id, name) VALUES (15, 'Monstruos');

INSERT INTO spells (id, name, level, power_points, learning_difficulty, casting_difficulty, effect) VALUES ( 1, 'Luz',                       1, '1',                                                                          12, 10, 'El lanzador crea un pequeño punto de luz sobre cualquier superficie, ser vivo, o sobre el mismo aire. Esta luz ilumina hasta treinta metros y puede moverse a voluntad del lanzador, que puede apagarla en cualquier momento. Esta luz no causa ningún daño.');
INSERT INTO spells (id, name, level, power_points, learning_difficulty, casting_difficulty, effect) VALUES ( 2, 'Rocío',                     1, '2 por Litro',                                                                12, 11, 'Por cada punto de poder gastado en este conjuro el lanzador puede conseguir un litro de agua potable. Cuando se realiza el conjuro debe haber dispuesto algún recipiente para acoger el líquido o se derramará desde el punto en el que aparezca. Este punto puede estar situado hasta el alcance de la vista del lanzador.');
INSERT INTO spells (id, name, level, power_points, learning_difficulty, casting_difficulty, effect) VALUES ( 3, 'Llamada',                   1, '1 por Punto de Vigor',                                                       14, 12, 'Con este conjuro el lanzador invoca a una serie de bestias específicas, las cuales ha de nombrar el lanzador, por ejemplo: invoco lobos. La manera de saber cuántas de estas bestias o monstruos llegan es sumar el vigor de éstas y estos son los puntos de poder que debe gastarse el lanzador para poder invocarlas. Las bestias llegarán a su velocidad máxima y tardarán un tiempo equivalente a lo lejos que estuviesen. Se puede realizar este conjuro aunque no se sepa si hay cerca bestias de ese tipo determinado.');
INSERT INTO spells (id, name, level, power_points, learning_difficulty, casting_difficulty, effect) VALUES ( 4, 'Conocer Tiempo',            1, '1',                                                                           8, 10, 'Con este conjuro se puede conseguir una apreciación completamente exacta del momento en el que sucedió un determinado hecho, fecha y hora. Por supuesto se ha de conocer el hecho en cuestión, pues cuanto más preciso sea el dato más acertada será la respuesta. Si el mago intenta conocer el momento en el que asesinó a un melion, probablemente le vengan a la mente miles de fechas. Por ello el mago debe ser lo más preciso que pueda. Adicionalmente, con este conjuro se puede saber con exactitud total la hora y fecha en la que vive el mago.');
INSERT INTO spells (id, name, level, power_points, learning_difficulty, casting_difficulty, effect) VALUES ( 5, 'Bloquear Acción',           1, '10 por Ronda',                                                               14, 12, 'Durante el tiempo que desee el mago la acción que resulta afectada por el conjuro queda completamente bloqueada. Ya sea el golpe de un guerrero o el cerrarse una puerta. En este caso la detención del tiempo es local y sólo afectará a los seres u objetos directamente relacionados con la acción, pues esto es lo único que se realiza, impedir una acción por un tiempo. Al finalizar el efecto del conjuro el guerrero terminará su golpe y la puerta se cerrará de manera normal.\nDurante todo el tiempo que esté bloqueada la acción, ésta estará intacta. Es decir, el efecto de la acción será el mismo, pero estará bloqueado. Si se bloquea la caída de una piedra a mitad de vuelo, ésta estaría inmóvil en el aire durante todo el tiempo del conjuro, pero una vez terminado el conjuro la piedra volverá a caer con toda la fuerza, no como si hubiese caído desde mitad de altura, sino como caía originalmente.');
INSERT INTO spells (id, name, level, power_points, learning_difficulty, casting_difficulty, effect) VALUES ( 6, 'Ancla Temporal',            1, '10, +1 por Hora Adicional',                                                  15, 15, 'El mago retiene su persona, a otro ser u objeto al tiempo tan firmemente que no hay manera de poder moverlo, detenerlo, o transformar el tiempo en sí. Con este conjuro el mago se garantiza que ningún conjuro de Tiempo puede afectarle de una manera u otra. La decisión del número de horas anclado se realiza al comienzo del conjuro y una vez realizado no podrá cambiarse.\nUna vez anclado al tiempo, el mago, ser u objeto es tan resistente al cambio del tiempo que no podrá realizar ningún conjuro (en el caso de seres) o desencadenar efecto alguno (en el caso de objetos) que tenga relación con el Aspecto del Tiempo.');
INSERT INTO spells (id, name, level, power_points, learning_difficulty, casting_difficulty, effect) VALUES ( 7, 'Reformar',                  1, '1 por cada 3 Puntos de Vida Curados',                                        12, 12, 'Con este conjuro el lanzador puede curar todo tipo de daños y heridas causados de manera agresiva, incluyendo venenos y enfermedades. El lanzador debe saber cuál es el daño causado o conocer el nombre y características del veneno. Para ello y si existen posibilidades de dudas, se debe hacer una tirada de curación o de venenos para confirmar que el personaje lo sabe. No es necesario el contacto, aunque sí que el que cura vea al que sana.');
INSERT INTO spells (id, name, level, power_points, learning_difficulty, casting_difficulty, effect) VALUES ( 8, 'Enlace Mental',             1, '1 por Objetivo y Hora',                                                      10, 12, 'Con este conjuro el lanzador enlaza su mente con cualquier objetivo que tenga al alcance de la vista. Después de activarse los efectos el lanzador puede hablar mentalmente con el objetivo y actuar sobre él con una bonificación de +4 a todos los conjuros psíquicos que desee lanzar sobre el objetivo enlazado. Los objetivos pueden negar el enlace siempre que quieran aunque no sean magos o no tengan conocimientos en el Aspecto de la Mente.');
INSERT INTO spells (id, name, level, power_points, learning_difficulty, casting_difficulty, effect) VALUES ( 9, 'Suministrar Aire',          1, '8 por Metro Cúbico',                                                         16, 14, 'Con este conjuro el lanzador crea un metro cúbico de aire limpio y sano, sin ningún tipo de veneno o gas. Este aire está a temperatura ambiente y puede ser respirado con total normalidad. El aire se materializa en la zona o habitación en la que esté el conjurador, ocupando todo el espacio que pueda instantáneamente.\nEvidentemente el aire puede ser invocado en zonas cerradas. Si es así, se siguen las siguientes reglas. Si el aire se expande más allá del metro cúbico perderá consistencia, enrareciéndose rápidamente. Si el aire invocado es superior al espacio disponible se acumulará aumentando la presión de la sala. Igual que cuando se hincha demasiado un balón, puede llegar a estallar el espacio. Para calcular esta posibilidad supón que por cada metro cúbico que exceda de la capacidad de la sala, las paredes de ésta sufren 4 puntos de daño. En el momento en que se acumulen suficientes puntos como para romper las paredes, éstas estallarán hacia afuera con un gran estruendo.\nEste conjuro se puede utilizar para suministrar aire a una persona que se esté ahogando por cualquier circunstancia, de manera que cada metro cúbico suministrado de esta manera bastará para respirar cinco turnos.');
INSERT INTO spells (id, name, level, power_points, learning_difficulty, casting_difficulty, effect) VALUES (10, 'Crear Sonido',              1, '4 por Sonido',                                                               14, 14, 'Este conjuro permite al lanzador crear desde la nada cualquier tipo de sonido que conozca o que pueda imaginar. El sonido puede tener la intensidad que desee y puede surgir de cualquier punto, siempre que pueda percibir y localizar con exactitud el mismo.\nEl sonido surgirá sin cualidad alguna por lo que para poder imitar sonidos el lanzador debe conocer antes ese ruido. No puede imitar el canto de un gorrión dorado si nunca lo ha escuchado. Así, puede imitarse cualquier voz que se haya escuchado antes y hacerla salir de cualquier garganta.\nPor ejemplo, un mago puede hacer que detras de la puerta surja la voz de un enfadado sargento. Pero para poder imitar la voz el mago debe haber escuchado antes a ese sargento y haberlo escuchado cabreado, si no, deberá improvisar y quizás no acierte por completo.');
INSERT INTO spells (id, name, level, power_points, learning_difficulty, casting_difficulty, effect) VALUES (11, 'Combustión',                1, '2',                                                                           8, 10, 'Con este sencillo conjuro el lanzador provoca una pequeña llama en cualquier objeto de madera o tela no húmeda. La llama es suficiente como para prender el objeto que empezará a arder inmediatamente.');
INSERT INTO spells (id, name, level, power_points, learning_difficulty, casting_difficulty, effect) VALUES (12, 'Sabiduría',                 1, '2',                                                                          14, 12, 'El lanzador debe elegir a un nacido para que los efectos de este conjuro eleven en 1D cualquier habilidad de conocimientos en una única tirada. Este aumento es temporal y sólo se puede aplicar en esa tirada.');
INSERT INTO spells (id, name, level, power_points, learning_difficulty, casting_difficulty, effect) VALUES (13, 'Descubrir Hilos',           1, '1',                                                                          10, 10, 'Con este conjuro cualquier mago o hechicero puede ver los hilos de la magia. El alcance de este conjuro es el propio alcance de la vista del nacido y al realizarlo este descubre todos los hilos que existen a su alrededor. Una vez lanzado dura un tiempo de diez rondas, prorrogables previo gasto de puntos de poder. Cada punto de poder gastado da otras diez rondas.\nLos hilos aparecen rodeando al personaje, el cual puede verlos, analizarlos, y si lo desea tocarlos o manipularlos. Los hilos aparecen en distintas formas y grosores, cada uno de ellos debe ser explicado por el Director de Juego.');
INSERT INTO spells (id, name, level, power_points, learning_difficulty, casting_difficulty, effect) VALUES (14, 'Absorber',                  1, '0',                                                                          10, 12, 'Si el lanzador logra contactar físicamente con cualquier nacido u objeto mágico que tenga en esos momentos puntos de poder en su interior, el mago o hechicero absorbe 2 de esos puntos de poder por turno que se mantenga el contacto. Este contacto puede romperse de la manera habitual que describe en las reglas de combate.');
INSERT INTO spells (id, name, level, power_points, learning_difficulty, casting_difficulty, effect) VALUES (15, 'Chispa',                    1, '2 por Chispa',                                                               14, 15, 'Por cada dos puntos de poder gastados este conjuro crea una chispa de cualquier color y forma. Cada chispa puede recorrer hasta un kilómetro antes de consumirse y causa un único punto de daño si impacta contra alguien o algo.');
INSERT INTO spells (id, name, level, power_points, learning_difficulty, casting_difficulty, effect) VALUES (16, 'Senda de Muerte',           2, '6',                                                                          15, 16, 'Con este conjuro el lanzador sabe perfectamente la manera más fácil de que un nacido muera. El conocimiento es automático e instantáneo, siendo el personaje el que lo tiene que ejecutar. El conjuro no da los instrumentos necesarios y puede afinarse al lanzarlo. Es decir, puede pedirse una manera de morir de un alsano, o saber cuál es la mejor forma de matar a un nuimbrano con una daga Kr.');
INSERT INTO spells (id, name, level, power_points, learning_difficulty, casting_difficulty, effect) VALUES (17, 'Descentrar Segundo',        2, '2 por Turno de Combate',                                                     18, 18, 'Con este poderoso conjuro el mago evita las acciones realizadas por un único individuo u objeto en un segundo determinado. Esta acción, que sigue estando realizada se terminará en un periodo de tiempo comprendido entre un turno de combate adelante o atrás en el tiempo, según los deseos del lanzador y los puntos de poder que se haya gastado. Así, por ejemplo se puede hacer que una flecha que acabe de impactar no cause daño hasta dos turnos de combate después, justo el tiempo necesario para buscar el remedio, o que el efecto de un conjuro se retrase el tiempo necesario para poder contrarrestarlo.\nCon este conjuro no se bloquea el tiempo, sencillamente se traslada el efecto de la acción un tiempo determinado de tiempo. Así, puede ser que al hechicero le metan la bofetada del siglo, pero no sienta los efectos del golpe hasta unos turnos de combate después. Ten en cuenta que la palabra esencial es efecto, todo sigue sucediendo como antes y no se detiene el tiempo.');
INSERT INTO spells (id, name, level, power_points, learning_difficulty, casting_difficulty, effect) VALUES (18, 'Senda de Vida',             2, '4',                                                                          16, 17, 'Mediante este conjuro el lanzador puede detectar todo tipo de vida que exista a su alrededor. El área es de 600 metros por Magia en el Equilibrio del Ser. El conjuro simplemente muestra al mago o hechicero la vida, no su tipo, aunque el lanzador puede saber la intensidad de esta vida (sus Puntos de Vida, por decirlo de alguna manera). El lanzador no tiene por qué ver al ser vivo con sus sentidos físicos para poder sentirlo con el conjuro.');
INSERT INTO spells (id, name, level, power_points, learning_difficulty, casting_difficulty, effect) VALUES (19, 'Alterar el Espíritu',       2, '14',                                                                         16, 18, 'Con este conjuro el lanzador puede alterar como desee un espíritu que esté a menos de veinte metros de él. Esta alteración se puede realizar en cualquier sentido, pudiendo modificar el amor de una persona por su rey en odio hacia la corona.\nLas alteraciones no pueden ser ilógicas, tienen que estar basadas en determinadas acciones o palabras. Si jamás el rey ha tratado mal a su súbdito es difícil que el súbdito se vuelva contra el rey. La alteración debe ser sutil, pues si no al poco tiempo el objetivo volverá a su estado inicial.');
INSERT INTO spells (id, name, level, power_points, learning_difficulty, casting_difficulty, effect) VALUES (20, 'Ocultar Mente',             2, '1',                                                                          16, 18, 'Con este conjuro el lanzador consigue ocultar la mente para un único efecto mágico relacionado con el aspecto de la mente. Por un instante su mente deja de estar en la realidad para volver a ésta un segundo después. Con este conjuro se puede eludir un único efecto mágico.');
INSERT INTO spells (id, name, level, power_points, learning_difficulty, casting_difficulty, effect) VALUES (21, 'Insinuaciones',             2, '4 por Insinuación y Objetivo',                                               18, 20, 'El lanzador puede introducir una insinuación en la mente del objetivo. Esta insinuación debe ser simple y estar basada en cualquier cadena lógica de pensamiento. El objetivo cree que el pensamiento se le ha ocurrido a él, actuando en consecuencia a este pensamiento.');
INSERT INTO spells (id, name, level, power_points, learning_difficulty, casting_difficulty, effect) VALUES (22, 'Sonda',                     2, '4',                                                                          14, 14, 'Con este conjuro el lanzador lanza una sonda mental al objetivo. Esta sonda determina una de las cualidades, características o conocimientos del objetivo, la cual conoce el lanzador inmediatamente. Se puede saber la edad del personaje, su profesión, o lo que comió antes de ayer.\nEvidentemente la sonda solo reconoce las cosas que conoce el personaje, de manera que si la sonda busca datos sobre los cambios de guardia de la Ciudad Imperial y el personaje afectado no conoce esos turnos la sonda simplemente dirá que el personaje no lo sabe.');
INSERT INTO spells (id, name, level, power_points, learning_difficulty, casting_difficulty, effect) VALUES (23, 'Volar',                     2, '2 por Hora de Vuelo, +2 por Aumento de Velocidad, +1 por Aumento de Altura', 16, 15, 'Con este conjuro el lanzador conseguirá dotar con la habilidad de volar a cualquier ser o criatura, incluso a objetos inanimados. Esta facultad durará una hora por cada dos puntos de poder gastados al comienzo del conjuro, pudiéndose suministrar más puntos a medida que el vuelo continúe. El vuelo conseguido estará condicionado a las circunstancias ambientales, tales como viento, lluvia y otros. Sin embargo, el propio conjuro proporciona al lanzador cierto conocimiento innato sobre el vuelo y cómo dirigirlo. La velocidad que se puede alcanzar es de 300 kilómetros por hora, y el techo de altura el suficiente como para no morir por falta de oxígeno.\nCon el gasto adicional de dos puntos de poder se logran 50 kilómetros por hora adicionales. Con el gasto adicional de un punto de poder se logra que el personaje, ser u objeto salga de la atmósfera. Evidentemente fuera de la atmósfera no se puede respirar, por lo que habría que idear un mecanismo para no morir por congelación y asfixia.');
INSERT INTO spells (id, name, level, power_points, learning_difficulty, casting_difficulty, effect) VALUES (24, 'Comprensión de Sonidos',    2, '5 por Turno de Combate',                                                     18, 20, 'Con este conjuro el personaje afectado es capaz de comprender cualquier sonido que sea capaz de escuchar. Esto significa que comprenderá todos los idiomas, podrá entender a los animales e incluso sabrá por qué la piedra chirría. Esta es una habilidad que se puede utilizar selectivamente para comprender determinados sonidos y no todos los que le pueden llegar al personaje al mismo tiempo.');
INSERT INTO spells (id, name, level, power_points, learning_difficulty, casting_difficulty, effect) VALUES (25, 'Golpe de Calor',            2, '2, +1 por Punto de Daño',                                                    15, 14, 'El lanzador de este conjuro crea una esfera de intenso calor centrada en su persona. La esfera provoca daño a todas las criaturas que estén en un radio de 10 metros del personaje. Más allá de ese alcance el calor se disipa, no causando daño. A diferencia de otros tipos de conjuros, éste no necesita de tirada para impactar, ni se ha de realizar tirada de penetración por armadura.\nLa esfera es instantánea e incolora, aunque se le puede dar el color que desee. Adicionalmente todos los personajes con armaduras pesadas sufrirán más puntos de daño por las pesadas placas de metal, que se recalientan y causan daño adicional. Cada personaje con armadura metálica sufre un daño adicional equivalente a la mitad de su valor de blindaje.');
INSERT INTO spells (id, name, level, power_points, learning_difficulty, casting_difficulty, effect) VALUES (26, 'Fortaleza',                 2, '6, 8 o 12',                                                                  14, 18, 'Al realizar este conjuro el mago o hechicero puede dar una fortaleza impresionante a sí mismo o a cualquier nacido que tenga a la vista. Esta fortaleza se traduce en que la piel del sujeto afectado se transforma en un blindaje natural de 26 puntos si se gastan 6 puntos de poder, un blindaje de 28 si se gastan 8 puntos de poder, o un blindaje de 32 si se gastan 12 puntos de poder. Además el personaje gana 12 puntos de vida adicionales en el primer caso, 16 en el segundo y 24 en el tercero. Estos cambios duran una hora, tras la cual el personaje afectado pierde toda protección y los puntos ganados anteriormente. Si como consecuencia de la pérdida de puntos de vida el personaje baja de 0 puntos de vida, morirá instantáneamente.');
INSERT INTO spells (id, name, level, power_points, learning_difficulty, casting_difficulty, effect) VALUES (27, 'Alterar Elemento',          2, '6',                                                                          16, 18, 'Conjuro que altera cualquiera de los elementos en cantidad y cualidad. Es decir, con este conjuro puede aumentarse o disminuirse la cantidad de fuego que brota de una fogata, aumentar o disminuir su calor o aumentar o disminuir la cantidad de luz que brota de ella.\nCada seis puntos de poder se puede modificar una de estas variables al doble o en un dado, dependiendo de cómo se mida la característica. Si la fogata tiene una altura de medio metro y calienta para daño 2D, con un gasto de seis puntos de poder puede aumentarse a un metro de altura o que cause 3D de daño.\nAlterar Elemento sólo puede ser utilizado para alterar los elementos cuyo aspecto conozca el lanzador, de manera que si conoce Aire y Fuego puede combinar ambos haciendo que el fuego se mueva o el viento se caliente.');
INSERT INTO spells (id, name, level, power_points, learning_difficulty, casting_difficulty, effect) VALUES (28, 'Rayo Blanco',               2, '2 por cada 5 Puntos de Daño',                                                16, 18, 'El nacido puede provocar una oleada de blanca energía primordial que emane de cualquier punto de su cuerpo. Esta energía pura causa 5 puntos de daño por cada 2 puntos de poder gastados. La energía puede canalizarse a través de cualquier objeto que esté en contacto con el nacido sin provocar ningún daño a este objeto.');
INSERT INTO spells (id, name, level, power_points, learning_difficulty, casting_difficulty, effect) VALUES (29, 'Modificar Energía',         2, '8',                                                                          16, 17, 'Este conjuro modifica la velocidad o peso de cualquier nacido, objeto, bestia o monstruo que el personaje sea capaz de ver, incluyéndose a sí mismo. La variación se puede realizar en el grado que se desee, siendo de pocos kilos o kilómetros, hasta un máximo de doblar o dividir por la mitad por cada ocho puntos de poder gastados.\nEste efecto simplemente altera estas magnitudes, pero no las controla. Se puede aumentar la velocidad de un caballo pero este todavía controla la dirección de su carrera. Toda arma que doble su velocidad, dobla también su daño o penetración.\nEste efecto sólo dura una única ronda que puede mantenerse mientras se gasten puntos de poder.');
INSERT INTO spells (id, name, level, power_points, learning_difficulty, casting_difficulty, effect) VALUES (30, 'Seguir Hilos',              2, '4',                                                                          15, 16, 'Con este poder un hechicero o mago puede seguir el camino de un hilo que ya sea capaz de ver hasta su origen, sea donde sea que esté el mismo.');
INSERT INTO spells (id, name, level, power_points, learning_difficulty, casting_difficulty, effect) VALUES (31, 'Mantener Conjuro',          2, '10',                                                                         16, 18, 'Este efecto dobla la duración de cualquier conjuro que acabe de ser lanzado justo en el mismo turno por el mismo mago o por otro diferente. Ningún conjuro de daño puede ser prolongado de esta manera.');
INSERT INTO spells (id, name, level, power_points, learning_difficulty, casting_difficulty, effect) VALUES (32, 'Cambiar Nacimiento',        2, '6',                                                                          18, 19, 'Este conjuro altera la raza del nacido durante un periodo de un día. Las características físicas del nacido cambian completamente para adaptarse a su nueva raza, aunque el personaje mantiene su mente y espíritu intactos. Una vez pasado el día todo vuelve a la normalidad.');
INSERT INTO spells (id, name, level, power_points, learning_difficulty, casting_difficulty, effect) VALUES (33, 'Dolor',                     3, '16',                                                                         18, 19, 'Con este conjuro el nacido causa un dolor terrible de naturaleza física en un objetivo. Este dolor es tan intenso que el personaje se queda sin ningún dado en ninguna de sus habilidades durante dos rondas de combate completas.');
INSERT INTO spells (id, name, level, power_points, learning_difficulty, casting_difficulty, effect) VALUES (34, 'Sentidos Mejorados',        3, '2 por Sentido',                                                              21, 22, 'El efecto de este conjuro hace que los sentidos del lanzador cmbien sutilmente durante una hora para asemejarse a los de cualquier bestia o monstruo que conozca. El efecto no es sólo visual, sino que el usuario gana 2D en todas las tiradas de Observar que tengan que ver con el sentido mejorado.\nSe pueden alterar todos los sentidos, pero la alteración siempre debe hacerse justificando la similitud con el animal copiado. De manera que ningún personaje intente vista mejorada con ojos de topo.');
INSERT INTO spells (id, name, level, power_points, learning_difficulty, casting_difficulty, effect) VALUES (35, 'Invertir Acción',           3, '12 por Acción Invertida',                                                    18, 24, 'Con este conjuro se invierten los efectos de una acción recién realizada y todavía no terminada. La acción debe ser simple y tener una acción opuesta a la realizada, si no el conjuro no se realiza, perdiéndose todos los puntos de poder. Con este conjuro se puede conseguir que alguien que esté cayendo desde el tercer piso de un edificio vuelva al mismo, o que un arquero que acabe de lanzar su flecha vea cómo ésta vuelve hacia él.\nLas acciones subjetivas, como afirmar algo o dar opiniones estarán invertidas, pero no en la acción propiamente dicha, sino en el contenido. Una persona que esté a punto de dar un beso a otra se encontrará dándole una bofetada o en lugar de decir que es de día dirá que es de noche.');
INSERT INTO spells (id, name, level, power_points, learning_difficulty, casting_difficulty, effect) VALUES (36, 'Calentar',                  3, '2, +1 por Dado Adicional de Daño',                                           22, 24, 'El lanzador puede calentar cualquier material que esté dentro de su alcance de visión. El aumento de temperatura puede ser graduado por el lanzador, desde unos pocos grados a temperaturas de fusión. El objeto se calienta instantáneamente y a continuación se va enfriando lentamente. Para mantener la temperatura el lanzador debe concentrarse, pagando el coste completo cada turno de combate que la temperatura se mantenga.\nCon los puntos iniciales se puede hacer que el agua o la leche hiervan, que la madera prenda en llamas o fundir plomo. Para poder fundir metales resistentes como el acero hace falta llegar a los 12 puntos de poder gastados, para metales mágicos como la sármika los puntos necesarios son 38. Si el conjuro se realiza sobre objetos metálicos en contacto con seres vivos los puntos de poder adicionales marcan los puntos de daño que recibe el ser vivo mientras esté en contacto con el objeto.');
INSERT INTO spells (id, name, level, power_points, learning_difficulty, casting_difficulty, effect) VALUES (37, 'Potenciar',                 3, '4 por Dado',                                                                 22, 21, 'Por cada 4 puntos de poder gastados al realizar este conjuro el mago o hechicero puede modificar en un dado arriba o abajo cualquier tirada, y sólo una, que se realice la siguiente ronda. Esta modificación se aplica solamente a las tiradas en las que influyan atributos físicos. Es posible modificar una tirada de Atletismo, pues la habilidad se rige en la experiencia básica por Fuerza y Agilidad, pero no podría modificarse Observar, pues está regida por Percepción e Intuición.');
INSERT INTO spells (id, name, level, power_points, learning_difficulty, casting_difficulty, effect) VALUES (38, 'Moldear los Fluidos',       4, '4 por Litro',                                                                26, 26, 'Una vez lanzado este conjuro el lanzador puede convertir cualquier fluido, agua, por ejemplo, en cualquier otro, como vino. Los líquidos deben ser genéricos y ser conocidos por el lanzador y la masa inicial debe existir. No se puede conseguir veneno que mate a dweloins si el propio lanzador no conoce la composición de ese veneno, nunca lo ha visto o analizado. Así mismo, se puede conseguir un perfume de un olor específico, pero no vino de una cosecha determinada o mezclas de líquidos, como cerveza con veneno.');
INSERT INTO spells (id, name, level, power_points, learning_difficulty, casting_difficulty, effect) VALUES (39, 'Arenas del Tiempo',         4, '26, +2 por Año',                                                             18, 26, 'Con este conjuro el lanzador provoca una intensa tormenta de arena que arrecia con inusitada fuerza en un radio de diez metros por cada punto de éxito. La tormenta está localizada en él y es inamovible, por tanto mientras dure el conjuro el lanzador no podrá moverse. La tormenta dura exactamente un turno de combate y en ese tiempo todo lo que esté dentro del radio de efecto perderá o ganará un año, según desee el lanzador. Árboles, rocas, construcciones, personas y animales perderán o ganarán esos años. Puede hacerse que los árboles pasen a ser brotes y semillas, las personas niños y después bebés. Por supuesto también se puede hacer a la inversa, los edificios hacerse añicos por el paso del tiempo y los seres vivos morir de viejos.\nEste conjuro durará tanto tiempo como el mago desee, siempre que tenga suficientes puntos de poder y supere las tiradas sucesivas. Si una tirada es fallada la tormenta amainará y no podrá volverse a realizar en el mismo sitio hasta pasado un día.\nNota: como en otros conjuros de Tiempo no se podrán acumular años negativos. Esto es, no se puede llegar a -1 año o menos. Esto es así porque todo lo creado tiene un principio desde el cual es, y no se puede reducir más allá de ese momento. Sin embargo sí se puede avanzar todos los años que se desee, pudiendo provocar la muerte o la desintegración.');
INSERT INTO spells (id, name, level, power_points, learning_difficulty, casting_difficulty, effect) VALUES (40, 'Desgarrar el Espíritu',     4, '10',                                                                         18, 22, 'Con este conjuro el lanzador puede causar un desgarro en el espíritu del objetivo. El espíritu se ve asediado por ansias y depresiones tan fuertes que se destroza, dejando al objetivo inconsciente, con una profunda huella en su alma.\nPor cada 10 puntos de poder que se gaste el lanzador puede afectar a un objetivo diferente, que debe estar consciente y a menos de 20 metros del lanzador. Este conjuro no causa ningún daño físico al personaje afectado, pero el daño emocional puede ser muy grave. Si en la confrontación mágica el objetivo pierde, quedará inconsciente durante una hora por diferencia en las tiradas. Además su atributo de Voluntad se verá disminuido en un punto permanentemente, pudiendo ser curado con magia del Espíritu o de la Vida.');
INSERT INTO spells (id, name, level, power_points, learning_difficulty, casting_difficulty, effect) VALUES (41, 'Estallido Mental',          4, '14',                                                                         24, 26, 'El personaje crea una onda explosiva en la mente de cualquier objetivo al cual pueda ver. Esta onda explosiva colapsa todos los pensamientos coherentes del objetivo dejándole inconsciente. La inconsciencia dura un número de turnos equivalente a una hora por cada punto de éxito en la tirada.');
INSERT INTO spells (id, name, level, power_points, learning_difficulty, casting_difficulty, effect) VALUES (42, 'Alteración Modular Sónica', 4, '2 por Turno de Combate',                                                     22, 24, 'Con este conjuro se consigue que los sonidos emitidos cerca del lanzador del conjuro se vean cambiados a conveniencia de este. El mago debe poder escuchar claramente el sonido para poder cambiarlo, aunque no hace falta que sea de forma nítida. El sonido puede ser elevado o bajado de tono, puede modificarse el volumen o el ritmo. De esta manera se puede conseguir cambiar la apariencia de la voz de un sargento barítono para que termine siendo la de una niña, o elevar un susurro al volumen de un huracán.\nEl sonido no puede ser alterado o cambiado en su esencia. Si lo que se intenta cambiar es el canto del gallo, puede ser tan alto o tan bajo como desees, pero no puede parecer una locomotora a vapor.');
INSERT INTO spells (id, name, level, power_points, learning_difficulty, casting_difficulty, effect) VALUES (43, 'Inamovilidad',              4, '18 por Turno de Combate',                                                    28, 28, 'Con este conjuro el lanzador o el objetivo es inmovilizado al suelo, siendo imposibles de mover por ninguna circunstancia de fuerza. El afectado es virtualmente inmune a los derribos, aunque sigue sufriendo todo el daño de los golpes que intenten derribarle. Mientras dure este conjuro ningún viento puede afectarle, haciéndole inmune a todos los efectos del aspecto del Aire.');
INSERT INTO spells (id, name, level, power_points, learning_difficulty, casting_difficulty, effect) VALUES (44, 'Golpe de Fuego',            4, '1 por cada 2 Puntos de Daño',                                                20, 28, 'Un chorro o esfera de llamas surgen del lanzador para dirigirse a un único objetivo. El impacto es explosivo, causando 2 puntos de daño por cada punto de poder gastado al lanzar el conjuro. El fuego arde de una manera furiosa y destructiva, prendiendo madera y tela si las llamas las tocan.\nSi el daño provocado por este conjuro es superior a los puntos de vida que tiene el ser u objeto impactado, este se desintegra, quedando de él nada más que cenizas.');
INSERT INTO spells (id, name, level, power_points, learning_difficulty, casting_difficulty, effect) VALUES (45, 'Explosión',                 4, '18',                                                                         25, 28, 'El lanzador crea una explosión que puede surgir de cualquier punto que elija, mientras pueda ver este punto. La explosión puede variar de diámetro y daño, siendo el tamaño mínimo un centímetro y el máximo veinte metros. El daño puede estar comprendido entre un único punto de daño y veinte. El conjuro puede duplicarse, creando esferas con el doble del tamaño máximo y el doble de daño.\nLa explosión sólo afecta a los personajes y objetos dentro del radio de la misma, y puede colarse por rendijas y ventanas, afectando a personajes u objetos protegidos por barreras físicas.');
INSERT INTO spells (id, name, level, power_points, learning_difficulty, casting_difficulty, effect) VALUES (46, 'Golpe de Luz',              5, '2 por cada 3 Puntos de Daño',                                                26, 22, 'El lanzador invoca una o varias descargas de luz que surgen desde cualquier parte de su cuerpo. El daño total de estas descargas es de 3 puntos de daño por cada 2 puntos de poder gastados. El lanzador es el que distribuye los puntos de daño entre las descargas que lance. Las descargas tienen un alcance ilimitado y al lanzarlas se suma 1D a la tirada de Armas a Distancia para acertar por la rapidez de las descargas.');
INSERT INTO spells (id, name, level, power_points, learning_difficulty, casting_difficulty, effect) VALUES (47, 'Posesión',                  5, '35',                                                                         34, 36, 'Con este conjuro el lanzador desplaza la mente de un nacido, ocupando por completo la mente del mismo. A partir de ese momento el personaje lanzador controlará por completo las acciones del objetivo. Un mago o hechicero sólo puede controlar al mismo tiempo un número de nacidos igual a su Voluntad.');
INSERT INTO spells (id, name, level, power_points, learning_difficulty, casting_difficulty, effect) VALUES (48, 'Huracán de Poder',          5, '80 por Hora',                                                                56, 62, 'Este es, con mucho, el más poderoso de los conjuros del aspecto del Aire. Crea un huracán de salvaje poder de un diámetro de más de un kilómetro y medio con vientos arrolladores de más de 200 kilómetros por hora de velocidad. Todo lo que se encuentre en el área de efecto se verá bruscamente arrancado del suelo para ser alzado a más de un kilómetro de altura. Ni qué decir tiene que la caída consecuente matará o destruirá todo lo alzado. Los edificios de desgajarán, primero el techo y luego parte a parte, piedra a piedra lo demás, las personas y animales serán bruscamente absorbidos y los árboles serán arrancados de sus raíces. Este es un conjuro celosamente guardado por los maestros que lo poseen y muy difícil de ejecutar y lanzar. Por supuesto el lanzador es inmune a sus efectos y lo puede detener en cualquier momento desde el inicio.\nPara objetos decididamente pesados o bien anclados al suelo será necesaria una tirada de oposición, pero estos sólo pueden ser edificios pesados como castillos y fortificaciones, todo lo demás será absorbido hacia el cielo.\nEste conjuro comenzará como una leve brisa acrecentándose hasta conseguir el tamaño de un huracán tres turnos de combate más tarde.');
INSERT INTO spells (id, name, level, power_points, learning_difficulty, casting_difficulty, effect) VALUES (49, 'Modificar Vida',            6, '38',                                                                         34, 36, 'Una vez lanzado este conjuro el lanzador puede modificar todos o algunos de los atributos de un nacido. Este cambio es permanente y debe estar equilibrado, es decir, si se le quitan dos puntos a Intuición sólo puedes aumentar en dos puntos otro atributo o repartir los dos puntos entre dos atributos.');
INSERT INTO spells (id, name, level, power_points, learning_difficulty, casting_difficulty, effect) VALUES (50, 'Fuego Blanco',              6, '16, +1 por cada 5 Puntos de Daño',                                           34, 35, 'Este conjuro es idéntico al de Golpe de Fuego, sin embargo el fuego lanzado es de tonalidad blanca y provoca unos daños más acusados. La arena se transforma en cristal, los metales se funden automáticamente y la madera y la tela se reducen a cenizas en pocos segundos.\nEste fuego es tan voraz que el agua no puede hacer nada contra él, incendiando y reduciendo a cenizas los materiales húmedos y evaporando una cantidad de agua igual a 100 litros por punto de daño.');

INSERT INTO spells_magic_aspects (spell_id, magic_aspect_id) VALUES ( 1,  8);
INSERT INTO spells_magic_aspects (spell_id, magic_aspect_id) VALUES ( 2,  5);
INSERT INTO spells_magic_aspects (spell_id, magic_aspect_id) VALUES ( 3, 11);
INSERT INTO spells_magic_aspects (spell_id, magic_aspect_id) VALUES ( 3, 15);
INSERT INTO spells_magic_aspects (spell_id, magic_aspect_id) VALUES ( 4,  9);
INSERT INTO spells_magic_aspects (spell_id, magic_aspect_id) VALUES ( 5,  9);
INSERT INTO spells_magic_aspects (spell_id, magic_aspect_id) VALUES ( 6,  9);
INSERT INTO spells_magic_aspects (spell_id, magic_aspect_id) VALUES ( 7,  7);
INSERT INTO spells_magic_aspects (spell_id, magic_aspect_id) VALUES ( 8, 13);
INSERT INTO spells_magic_aspects (spell_id, magic_aspect_id) VALUES ( 9,  3);
INSERT INTO spells_magic_aspects (spell_id, magic_aspect_id) VALUES (10,  3);
INSERT INTO spells_magic_aspects (spell_id, magic_aspect_id) VALUES (11,  4);
INSERT INTO spells_magic_aspects (spell_id, magic_aspect_id) VALUES (12,  8);
INSERT INTO spells_magic_aspects (spell_id, magic_aspect_id) VALUES (13,  1);
INSERT INTO spells_magic_aspects (spell_id, magic_aspect_id) VALUES (14,  1);
INSERT INTO spells_magic_aspects (spell_id, magic_aspect_id) VALUES (15,  2);
INSERT INTO spells_magic_aspects (spell_id, magic_aspect_id) VALUES (16, 14);
INSERT INTO spells_magic_aspects (spell_id, magic_aspect_id) VALUES (17,  9);
INSERT INTO spells_magic_aspects (spell_id, magic_aspect_id) VALUES (18,  7);
INSERT INTO spells_magic_aspects (spell_id, magic_aspect_id) VALUES (19, 10);
INSERT INTO spells_magic_aspects (spell_id, magic_aspect_id) VALUES (20, 13);
INSERT INTO spells_magic_aspects (spell_id, magic_aspect_id) VALUES (21, 13);
INSERT INTO spells_magic_aspects (spell_id, magic_aspect_id) VALUES (22, 13);
INSERT INTO spells_magic_aspects (spell_id, magic_aspect_id) VALUES (23,  3);
INSERT INTO spells_magic_aspects (spell_id, magic_aspect_id) VALUES (24,  3);
INSERT INTO spells_magic_aspects (spell_id, magic_aspect_id) VALUES (25,  4);
INSERT INTO spells_magic_aspects (spell_id, magic_aspect_id) VALUES (26,  7);
INSERT INTO spells_magic_aspects (spell_id, magic_aspect_id) VALUES (26, 14);
INSERT INTO spells_magic_aspects (spell_id, magic_aspect_id) VALUES (26, 11);
INSERT INTO spells_magic_aspects (spell_id, magic_aspect_id) VALUES (26, 15);
INSERT INTO spells_magic_aspects (spell_id, magic_aspect_id) VALUES (27,  3);
INSERT INTO spells_magic_aspects (spell_id, magic_aspect_id) VALUES (27,  4);
INSERT INTO spells_magic_aspects (spell_id, magic_aspect_id) VALUES (27,  5);
INSERT INTO spells_magic_aspects (spell_id, magic_aspect_id) VALUES (27,  6);
INSERT INTO spells_magic_aspects (spell_id, magic_aspect_id) VALUES (28,  2);
INSERT INTO spells_magic_aspects (spell_id, magic_aspect_id) VALUES (29,  2);
INSERT INTO spells_magic_aspects (spell_id, magic_aspect_id) VALUES (30,  1);
INSERT INTO spells_magic_aspects (spell_id, magic_aspect_id) VALUES (31,  1);
INSERT INTO spells_magic_aspects (spell_id, magic_aspect_id) VALUES (32,  7);
INSERT INTO spells_magic_aspects (spell_id, magic_aspect_id) VALUES (33, 14);
INSERT INTO spells_magic_aspects (spell_id, magic_aspect_id) VALUES (34, 11);
INSERT INTO spells_magic_aspects (spell_id, magic_aspect_id) VALUES (34, 15);
INSERT INTO spells_magic_aspects (spell_id, magic_aspect_id) VALUES (35,  9);
INSERT INTO spells_magic_aspects (spell_id, magic_aspect_id) VALUES (36,  4);
INSERT INTO spells_magic_aspects (spell_id, magic_aspect_id) VALUES (37,  7);
INSERT INTO spells_magic_aspects (spell_id, magic_aspect_id) VALUES (38,  5);
INSERT INTO spells_magic_aspects (spell_id, magic_aspect_id) VALUES (39,  9);
INSERT INTO spells_magic_aspects (spell_id, magic_aspect_id) VALUES (40, 10);
INSERT INTO spells_magic_aspects (spell_id, magic_aspect_id) VALUES (41, 13);
INSERT INTO spells_magic_aspects (spell_id, magic_aspect_id) VALUES (42,  2);
INSERT INTO spells_magic_aspects (spell_id, magic_aspect_id) VALUES (42,  3);
INSERT INTO spells_magic_aspects (spell_id, magic_aspect_id) VALUES (43,  6);
INSERT INTO spells_magic_aspects (spell_id, magic_aspect_id) VALUES (44,  4);
INSERT INTO spells_magic_aspects (spell_id, magic_aspect_id) VALUES (45,  2);
INSERT INTO spells_magic_aspects (spell_id, magic_aspect_id) VALUES (46,  8);
INSERT INTO spells_magic_aspects (spell_id, magic_aspect_id) VALUES (47, 13);
INSERT INTO spells_magic_aspects (spell_id, magic_aspect_id) VALUES (48,  3);
INSERT INTO spells_magic_aspects (spell_id, magic_aspect_id) VALUES (49,  7);
INSERT INTO spells_magic_aspects (spell_id, magic_aspect_id) VALUES (50,  2);
INSERT INTO spells_magic_aspects (spell_id, magic_aspect_id) VALUES (50,  4);

INSERT INTO weapon_sizes (id, name) VALUES (1, 'Pequeña');
INSERT INTO weapon_sizes (id, name) VALUES (2, 'Mediana');
INSERT INTO weapon_sizes (id, name) VALUES (3, 'Grande');

INSERT INTO weapon_speeds (id, name) VALUES (1, 'Muy Lenta');
INSERT INTO weapon_speeds (id, name) VALUES (2, 'Lenta');
INSERT INTO weapon_speeds (id, name) VALUES (3, 'Normal');
INSERT INTO weapon_speeds (id, name) VALUES (4, 'Rápida');
INSERT INTO weapon_speeds (id, name) VALUES (5, 'Muy Rápida');

INSERT INTO weapon_categories (id, name) VALUES (1, 'Asta');
INSERT INTO weapon_categories (id, name) VALUES (2, 'Daga');
INSERT INTO weapon_categories (id, name) VALUES (3, 'Espada');
INSERT INTO weapon_categories (id, name) VALUES (4, 'Hacha');
INSERT INTO weapon_categories (id, name) VALUES (5, 'Lanza');
INSERT INTO weapon_categories (id, name) VALUES (6, 'Contundente');

INSERT INTO weapon_skills (id, name) VALUES ( 1, 'Atrapar');
INSERT INTO weapon_skills (id, name) VALUES ( 2, 'Conmoción');
INSERT INTO weapon_skills (id, name) VALUES ( 3, 'Barrido');
INSERT INTO weapon_skills (id, name) VALUES ( 4, 'Arrojadiza');
INSERT INTO weapon_skills (id, name) VALUES ( 5, 'Carga');
INSERT INTO weapon_skills (id, name) VALUES ( 6, 'Arrollar');
INSERT INTO weapon_skills (id, name) VALUES ( 7, 'Fondo');
INSERT INTO weapon_skills (id, name) VALUES ( 8, 'Discreta');
INSERT INTO weapon_skills (id, name) VALUES ( 9, 'Ataque Doble');
INSERT INTO weapon_skills (id, name) VALUES (10, 'Barrido Mejorado');
INSERT INTO weapon_skills (id, name) VALUES (11, 'Fondo Mejorado');

INSERT INTO melee_weapons (id, weapon_category_id, name, damage, penetration, weapon_speed_id, weapon_size_id, two_handed, cost) VALUES ( 1, 1, 'Alabarda',           '3D + FUE x 2', '3D + FUE x 3', 3, 3, 1,   4);
INSERT INTO melee_weapons (id, weapon_category_id, name, damage, penetration, weapon_speed_id, weapon_size_id, two_handed, cost) VALUES ( 2, 1, 'Espadón',            '3D + FUE',     '4D + FUE x 4', 3, 3, 1,   8);
INSERT INTO melee_weapons (id, weapon_category_id, name, damage, penetration, weapon_speed_id, weapon_size_id, two_handed, cost) VALUES ( 3, 1, 'Espadón Nethan',     '4D + FUE x 2', '3D + FUE x 3', 3, 3, 1,  30);
INSERT INTO melee_weapons (id, weapon_category_id, name, damage, penetration, weapon_speed_id, weapon_size_id, two_handed, cost) VALUES ( 4, 1, 'Guadaña',            '3D + FUE x 2', '3D + FUE',     3, 3, 1,   5);
INSERT INTO melee_weapons (id, weapon_category_id, name, damage, penetration, weapon_speed_id, weapon_size_id, two_handed, cost) VALUES ( 5, 1, 'Pica',               '2D + FUE',     '5D + FUE x 2', 3, 3, 1,   6);
INSERT INTO melee_weapons (id, weapon_category_id, name, damage, penetration, weapon_speed_id, weapon_size_id, two_handed, cost) VALUES ( 6, 1, 'Pica Martillo',      '4D + FUE x 2', '2D + FUE x 2', 3, 3, 1,   5);
INSERT INTO melee_weapons (id, weapon_category_id, name, damage, penetration, weapon_speed_id, weapon_size_id, two_handed, cost) VALUES ( 7, 2, 'Daga',               '2D + FUE x 2', '3D + FUE x 3', 4, 1, 0,   2);
INSERT INTO melee_weapons (id, weapon_category_id, name, damage, penetration, weapon_speed_id, weapon_size_id, two_handed, cost) VALUES ( 8, 2, 'Daga Kr',            '3D + FUE x 2', '4D + FUE x 3', 5, 1, 0,  25);
INSERT INTO melee_weapons (id, weapon_category_id, name, damage, penetration, weapon_speed_id, weapon_size_id, two_handed, cost) VALUES ( 9, 3, 'Espada Ancha',       '3D + FUE x 2', '4D + FUE x 3', 3, 2, 0,   5);
INSERT INTO melee_weapons (id, weapon_category_id, name, damage, penetration, weapon_speed_id, weapon_size_id, two_handed, cost) VALUES (10, 3, 'Espada Bastarda',    '3D + FUE x 3', '4D + FUE x 3', 3, 3, 0,   8);
INSERT INTO melee_weapons (id, weapon_category_id, name, damage, penetration, weapon_speed_id, weapon_size_id, two_handed, cost) VALUES (11, 3, 'Espada Corta',       '2D + FUE',     '4D + FUE x 3', 3, 2, 0,   3);
INSERT INTO melee_weapons (id, weapon_category_id, name, damage, penetration, weapon_speed_id, weapon_size_id, two_handed, cost) VALUES (12, 3, 'Espada a Dos Manos', '4D + FUE x 4', '3D + FUE x 2', 2, 3, 1,  12);
INSERT INTO melee_weapons (id, weapon_category_id, name, damage, penetration, weapon_speed_id, weapon_size_id, two_handed, cost) VALUES (13, 3, 'Espada Dweloin',     '3D + FUE x 4', '4D + FUE x 2', 2, 3, 0,  46);
INSERT INTO melee_weapons (id, weapon_category_id, name, damage, penetration, weapon_speed_id, weapon_size_id, two_handed, cost) VALUES (14, 3, 'Espada Kenion',      '3D + FUE x 2', '4D + FUE x 4', 4, 2, 0,   5);
INSERT INTO melee_weapons (id, weapon_category_id, name, damage, penetration, weapon_speed_id, weapon_size_id, two_handed, cost) VALUES (15, 3, 'Espada Larga Ywen',  '3D + FUE x 2', '5D + FUE x 3', 4, 2, 0,  30);
INSERT INTO melee_weapons (id, weapon_category_id, name, damage, penetration, weapon_speed_id, weapon_size_id, two_handed, cost) VALUES (16, 3, 'Espada Mirr',        '4D + FUE x 3', '3D + FUE x 3', 3, 3, 1,  90);
INSERT INTO melee_weapons (id, weapon_category_id, name, damage, penetration, weapon_speed_id, weapon_size_id, two_handed, cost) VALUES (17, 3, 'Espada Sylaen',      '2D + FUE',     '4D + FUE x 2', 3, 2, 0,  15);
INSERT INTO melee_weapons (id, weapon_category_id, name, damage, penetration, weapon_speed_id, weapon_size_id, two_handed, cost) VALUES (18, 3, 'Espada Taer',        '3D + FUE x 2', '3D + FUE x 4', 4, 2, 0,  45);
INSERT INTO melee_weapons (id, weapon_category_id, name, damage, penetration, weapon_speed_id, weapon_size_id, two_handed, cost) VALUES (19, 3, 'Estilete',           '1D + FUE x 2', '5D + FUE x 3', 4, 2, 0,   2);
INSERT INTO melee_weapons (id, weapon_category_id, name, damage, penetration, weapon_speed_id, weapon_size_id, two_handed, cost) VALUES (20, 4, 'Hacha de Batalla',   '4D + FUE x 2', '3D + FUE x 2', 2, 3, 1,   8);
INSERT INTO melee_weapons (id, weapon_category_id, name, damage, penetration, weapon_speed_id, weapon_size_id, two_handed, cost) VALUES (21, 4, 'Hacha de Mano',      '3D + FUE x 2', '2D + FUE x 2', 4, 2, 0,   6);
INSERT INTO melee_weapons (id, weapon_category_id, name, damage, penetration, weapon_speed_id, weapon_size_id, two_handed, cost) VALUES (22, 4, 'Hacha Dweloin',      '4D + FUE x 3', '4D + FUE x 3', 1, 3, 1,  45);
INSERT INTO melee_weapons (id, weapon_category_id, name, damage, penetration, weapon_speed_id, weapon_size_id, two_handed, cost) VALUES (23, 4, 'Hacha Mirr',         '4D + FUE x 3', '3D + FUE x 4', 2, 3, 1, 125);
INSERT INTO melee_weapons (id, weapon_category_id, name, damage, penetration, weapon_speed_id, weapon_size_id, two_handed, cost) VALUES (24, 5, 'Lanza de Caza Taer', '2D + FUE x 3', '5D + FUE x 3', 3, 3, 1,  12);
INSERT INTO melee_weapons (id, weapon_category_id, name, damage, penetration, weapon_speed_id, weapon_size_id, two_handed, cost) VALUES (25, 5, 'Lanza de Infante',   '2D + FUE x 2', '4D + FUE x 3', 3, 3, 1,  12);
INSERT INTO melee_weapons (id, weapon_category_id, name, damage, penetration, weapon_speed_id, weapon_size_id, two_handed, cost) VALUES (26, 5, 'Lanza de Jinete',    '2D + FUE x 3', '4D + FUE x 3', 3, 3, 1,  30);
INSERT INTO melee_weapons (id, weapon_category_id, name, damage, penetration, weapon_speed_id, weapon_size_id, two_handed, cost) VALUES (27, 5, 'Lanza Kirrchan',     '3D + FUE x 2', '4D + FUE x 3', 3, 3, 1, 120);
INSERT INTO melee_weapons (id, weapon_category_id, name, damage, penetration, weapon_speed_id, weapon_size_id, two_handed, cost) VALUES (28, 6, 'Cadena',             '3D + FUE x 2', '2D + FUE',     3, 1, 0,   8);
INSERT INTO melee_weapons (id, weapon_category_id, name, damage, penetration, weapon_speed_id, weapon_size_id, two_handed, cost) VALUES (29, 6, 'Flagelo',            '5D + FUE x 2', '2D + FUE x 3', 2, 2, 0,  12);
INSERT INTO melee_weapons (id, weapon_category_id, name, damage, penetration, weapon_speed_id, weapon_size_id, two_handed, cost) VALUES (30, 6, 'Guantelete',         '3D + FUE',     '1D + FUE x 2', 5, 2, 0,   3);
INSERT INTO melee_weapons (id, weapon_category_id, name, damage, penetration, weapon_speed_id, weapon_size_id, two_handed, cost) VALUES (31, 6, 'Garrote',            '3D + FUE x 2', '2D + FUE',     3, 3, 0,   2);
INSERT INTO melee_weapons (id, weapon_category_id, name, damage, penetration, weapon_speed_id, weapon_size_id, two_handed, cost) VALUES (32, 6, 'Mangual',            '3D + FUE x 3', '2D + FUE',     3, 2, 0,   6);
INSERT INTO melee_weapons (id, weapon_category_id, name, damage, penetration, weapon_speed_id, weapon_size_id, two_handed, cost) VALUES (33, 6, 'Mayal',              '3D + FUE x 3', '2D + FUE',     3, 2, 0,   6);
INSERT INTO melee_weapons (id, weapon_category_id, name, damage, penetration, weapon_speed_id, weapon_size_id, two_handed, cost) VALUES (34, 6, 'Mayal de Guerra',    '4D + FUE x 4', '1D + FUE',     3, 3, 0,  12);
INSERT INTO melee_weapons (id, weapon_category_id, name, damage, penetration, weapon_speed_id, weapon_size_id, two_handed, cost) VALUES (35, 6, 'Mayal Rojo',         '4D + FUE x 4', '2D + FUE',     2, 3, 0,  45);
INSERT INTO melee_weapons (id, weapon_category_id, name, damage, penetration, weapon_speed_id, weapon_size_id, two_handed, cost) VALUES (36, 6, 'Martillo de Guerra', '4D + FUE x 3', '2D + FUE',     3, 2, 0,   2);
INSERT INTO melee_weapons (id, weapon_category_id, name, damage, penetration, weapon_speed_id, weapon_size_id, two_handed, cost) VALUES (37, 6, 'Martillo de Mano',   '3D + FUE x 3', '2D + FUE',     3, 1, 0,   6);
INSERT INTO melee_weapons (id, weapon_category_id, name, damage, penetration, weapon_speed_id, weapon_size_id, two_handed, cost) VALUES (38, 6, 'Martillo Dweloin',   '5D + FUE x 3', '2D + FUE',     3, 3, 0,  45);

INSERT INTO melee_weapons_skills (melee_weapon_id, skill_id) VALUES ( 3,  9);
INSERT INTO melee_weapons_skills (melee_weapon_id, skill_id) VALUES ( 6,  2);
INSERT INTO melee_weapons_skills (melee_weapon_id, skill_id) VALUES (28,  1);
INSERT INTO melee_weapons_skills (melee_weapon_id, skill_id) VALUES (28,  2);
INSERT INTO melee_weapons_skills (melee_weapon_id, skill_id) VALUES (28,  8);
INSERT INTO melee_weapons_skills (melee_weapon_id, skill_id) VALUES ( 7,  8);
INSERT INTO melee_weapons_skills (melee_weapon_id, skill_id) VALUES ( 8,  8);
INSERT INTO melee_weapons_skills (melee_weapon_id, skill_id) VALUES (10,  3);
INSERT INTO melee_weapons_skills (melee_weapon_id, skill_id) VALUES (11,  8);
INSERT INTO melee_weapons_skills (melee_weapon_id, skill_id) VALUES (12, 10);
INSERT INTO melee_weapons_skills (melee_weapon_id, skill_id) VALUES (13,  2);
INSERT INTO melee_weapons_skills (melee_weapon_id, skill_id) VALUES (13,  3);
INSERT INTO melee_weapons_skills (melee_weapon_id, skill_id) VALUES (14,  7);
INSERT INTO melee_weapons_skills (melee_weapon_id, skill_id) VALUES (15,  7);
INSERT INTO melee_weapons_skills (melee_weapon_id, skill_id) VALUES (16,  3);
INSERT INTO melee_weapons_skills (melee_weapon_id, skill_id) VALUES (17,  3);
INSERT INTO melee_weapons_skills (melee_weapon_id, skill_id) VALUES (17,  4);
INSERT INTO melee_weapons_skills (melee_weapon_id, skill_id) VALUES (18,  4);
INSERT INTO melee_weapons_skills (melee_weapon_id, skill_id) VALUES (18,  7);
INSERT INTO melee_weapons_skills (melee_weapon_id, skill_id) VALUES (19, 11);
INSERT INTO melee_weapons_skills (melee_weapon_id, skill_id) VALUES (29,  1);
INSERT INTO melee_weapons_skills (melee_weapon_id, skill_id) VALUES (29,  2);
INSERT INTO melee_weapons_skills (melee_weapon_id, skill_id) VALUES (30,  2);
INSERT INTO melee_weapons_skills (melee_weapon_id, skill_id) VALUES (31,  2);
INSERT INTO melee_weapons_skills (melee_weapon_id, skill_id) VALUES (20,  6);
INSERT INTO melee_weapons_skills (melee_weapon_id, skill_id) VALUES (21,  4);
INSERT INTO melee_weapons_skills (melee_weapon_id, skill_id) VALUES (22,  6);
INSERT INTO melee_weapons_skills (melee_weapon_id, skill_id) VALUES (23,  6);
INSERT INTO melee_weapons_skills (melee_weapon_id, skill_id) VALUES (24,  5);
INSERT INTO melee_weapons_skills (melee_weapon_id, skill_id) VALUES (25,  5);
INSERT INTO melee_weapons_skills (melee_weapon_id, skill_id) VALUES (26,  5);
INSERT INTO melee_weapons_skills (melee_weapon_id, skill_id) VALUES (27,  5);
INSERT INTO melee_weapons_skills (melee_weapon_id, skill_id) VALUES (32,  2);
INSERT INTO melee_weapons_skills (melee_weapon_id, skill_id) VALUES (33,  1);
INSERT INTO melee_weapons_skills (melee_weapon_id, skill_id) VALUES (33,  2);
INSERT INTO melee_weapons_skills (melee_weapon_id, skill_id) VALUES (34,  1);
INSERT INTO melee_weapons_skills (melee_weapon_id, skill_id) VALUES (34,  2);
INSERT INTO melee_weapons_skills (melee_weapon_id, skill_id) VALUES (35,  1);
INSERT INTO melee_weapons_skills (melee_weapon_id, skill_id) VALUES (35,  2);
INSERT INTO melee_weapons_skills (melee_weapon_id, skill_id) VALUES (36,  2);
INSERT INTO melee_weapons_skills (melee_weapon_id, skill_id) VALUES (37,  2);
INSERT INTO melee_weapons_skills (melee_weapon_id, skill_id) VALUES (38,  2);
